id,product_id,variant_id,attribute_name,attribute_value
1,1,1,color,blue
2,1,2,color,white
3,1,3,color,black
4,2,4,color,white
5,2,5,color,black
6,2,6,color,gray
7,3,7,color,white
8,3,8,color,green
9,3,9,color,blue
10,4,10,color,white
11,4,11,color,blue
12,4,12,color,green
13,5,13,color,red
14,5,14,color,gray
15,5,15,color,green
16,6,16,color,red
17,6,17,color,green
18,6,18,color,black
19,7,19,color,red
20,7,20,color,green
21,7,21,color,blue
22,8,22,color,green
23,8,23,color,red
24,8,24,color,white
25,9,25,color,green
26,9,26,color,white
27,9,27,color,red
28,10,28,color,red
29,10,29,color,red
30,10,30,color,red
31,10,31,color,gray
32,10,32,color,gray
33,10,33,color,gray
34,10,34,color,blue
35,10,35,color,blue
36,10,36,color,blue
37,11,37,color,black
38,11,38,color,white
39,11,39,color,gray
40,12,40,color,red
41,12,41,color,black
42,12,42,color,gray
43,13,43,color,black
44,13,44,color,black
45,13,45,color,red
46,13,46,color,red
47,13,47,color,gray
48,13,48,color,gray
49,14,49,color,red
50,14,50,color,green
51,14,51,color,black
52,15,52,color,gray
53,15,53,color,red
54,15,54,color,black
55,16,55,color,blue
56,16,56,color,black
57,16,57,color,green
58,17,58,color,blue
59,17,59,color,white
60,17,60,color,gray
61,18,61,color,red
62,18,62,color,gray
63,18,63,color,black
64,19,64,color,red
65,19,65,color,blue
66,19,66,color,white
67,20,67,color,red
68,20,68,color,blue
69,20,69,color,white
70,21,70,color,green
71,21,70,size,130-180 mm
72,21,70,connectivity,bluetooth - wifi - cellular
73,21,71,color,green
74,21,71,size,130-180 mm
75,21,71,connectivity,bluetooth - wifi
76,21,72,color,green
77,21,72,size,130-180 mm
78,21,72,connectivity,bluetooth
79,21,73,color,green
80,21,73,size,140-190 mm
81,21,73,connectivity,bluetooth - wifi - cellular
82,21,74,color,green
83,21,74,size,140-190 mm
84,21,74,connectivity,bluetooth - wifi
85,21,75,color,green
86,21,75,size,140-190 mm
87,21,75,connectivity,bluetooth
88,21,76,color,green
89,21,76,size,150-200 mm
90,21,76,connectivity,bluetooth - wifi - cellular
91,21,77,color,green
92,21,77,size,150-200 mm
93,21,77,connectivity,bluetooth - wifi
94,21,78,color,green
95,21,78,size,150-200 mm
96,21,78,connectivity,bluetooth
97,21,79,color,blue
98,21,79,size,130-180 mm
99,21,79,connectivity,bluetooth - wifi - cellular
100,21,80,color,blue
101,21,80,size,130-180 mm
102,21,80,connectivity,bluetooth - wifi
103,21,81,color,blue
104,21,81,size,130-180 mm
105,21,81,connectivity,bluetooth
106,21,82,color,blue
107,21,82,size,140-190 mm
108,21,82,connectivity,bluetooth - wifi - cellular
109,21,83,color,blue
110,21,83,size,140-190 mm
111,21,83,connectivity,bluetooth - wifi
112,21,84,color,blue
113,21,84,size,140-190 mm
114,21,84,connectivity,bluetooth
115,21,85,color,blue
116,21,85,size,150-200 mm
117,21,85,connectivity,bluetooth - wifi - cellular
118,21,86,color,blue
119,21,86,size,150-200 mm
120,21,86,connectivity,bluetooth - wifi
121,21,87,color,blue
122,21,87,size,150-200 mm
123,21,87,connectivity,bluetooth
124,21,88,color,red
125,21,88,size,130-180 mm
126,21,88,connectivity,bluetooth - wifi - cellular
127,21,89,color,red
128,21,89,size,130-180 mm
129,21,89,connectivity,bluetooth - wifi
130,21,90,color,red
131,21,90,size,130-180 mm
132,21,90,connectivity,bluetooth
133,21,91,color,red
134,21,91,size,140-190 mm
135,21,91,connectivity,bluetooth - wifi - cellular
136,21,92,color,red
137,21,92,size,140-190 mm
138,21,92,connectivity,bluetooth - wifi
139,21,93,color,red
140,21,93,size,140-190 mm
141,21,93,connectivity,bluetooth
142,21,94,color,red
143,21,94,size,150-200 mm
144,21,94,connectivity,bluetooth - wifi - cellular
145,21,95,color,red
146,21,95,size,150-200 mm
147,21,95,connectivity,bluetooth - wifi
148,21,96,color,red
149,21,96,size,150-200 mm
150,21,96,connectivity,bluetooth
151,22,97,color,red
152,22,97,size,130-180 mm
153,22,97,connectivity,bluetooth - wifi - cellular
154,22,98,color,red
155,22,98,size,130-180 mm
156,22,98,connectivity,bluetooth - wifi
157,22,99,color,red
158,22,99,size,130-180 mm
159,22,99,connectivity,bluetooth
160,22,100,color,red
161,22,100,size,140-190 mm
162,22,100,connectivity,bluetooth - wifi - cellular
163,22,101,color,red
164,22,101,size,140-190 mm
165,22,101,connectivity,bluetooth - wifi
166,22,102,color,red
167,22,102,size,140-190 mm
168,22,102,connectivity,bluetooth
169,22,103,color,red
170,22,103,size,150-200 mm
171,22,103,connectivity,bluetooth - wifi - cellular
172,22,104,color,red
173,22,104,size,150-200 mm
174,22,104,connectivity,bluetooth - wifi
175,22,105,color,red
176,22,105,size,150-200 mm
177,22,105,connectivity,bluetooth
178,22,106,color,green
179,22,106,size,130-180 mm
180,22,106,connectivity,bluetooth - wifi - cellular
181,22,107,color,green
182,22,107,size,130-180 mm
183,22,107,connectivity,bluetooth - wifi
184,22,108,color,green
185,22,108,size,130-180 mm
186,22,108,connectivity,bluetooth
187,22,109,color,green
188,22,109,size,140-190 mm
189,22,109,connectivity,bluetooth - wifi - cellular
190,22,110,color,green
191,22,110,size,140-190 mm
192,22,110,connectivity,bluetooth - wifi
193,22,111,color,green
194,22,111,size,140-190 mm
195,22,111,connectivity,bluetooth
196,22,112,color,green
197,22,112,size,150-200 mm
198,22,112,connectivity,bluetooth - wifi - cellular
199,22,113,color,green
200,22,113,size,150-200 mm
201,22,113,connectivity,bluetooth - wifi
202,22,114,color,green
203,22,114,size,150-200 mm
204,22,114,connectivity,bluetooth
205,22,115,color,blue
206,22,115,size,130-180 mm
207,22,115,connectivity,bluetooth - wifi - cellular
208,22,116,color,blue
209,22,116,size,130-180 mm
210,22,116,connectivity,bluetooth - wifi
211,22,117,color,blue
212,22,117,size,130-180 mm
213,22,117,connectivity,bluetooth
214,22,118,color,blue
215,22,118,size,140-190 mm
216,22,118,connectivity,bluetooth - wifi - cellular
217,22,119,color,blue
218,22,119,size,140-190 mm
219,22,119,connectivity,bluetooth - wifi
220,22,120,color,blue
221,22,120,size,140-190 mm
222,22,120,connectivity,bluetooth
223,22,121,color,blue
224,22,121,size,150-200 mm
225,22,121,connectivity,bluetooth - wifi - cellular
226,22,122,color,blue
227,22,122,size,150-200 mm
228,22,122,connectivity,bluetooth - wifi
229,22,123,color,blue
230,22,123,size,150-200 mm
231,22,123,connectivity,bluetooth
232,23,124,color,gray
233,23,124,size,130-180 mm
234,23,124,connectivity,bluetooth - wifi - cellular
235,23,125,color,gray
236,23,125,size,130-180 mm
237,23,125,connectivity,bluetooth - wifi
238,23,126,color,gray
239,23,126,size,130-180 mm
240,23,126,connectivity,bluetooth
241,23,127,color,gray
242,23,127,size,140-190 mm
243,23,127,connectivity,bluetooth - wifi - cellular
244,23,128,color,gray
245,23,128,size,140-190 mm
246,23,128,connectivity,bluetooth - wifi
247,23,129,color,gray
248,23,129,size,140-190 mm
249,23,129,connectivity,bluetooth
250,23,130,color,gray
251,23,130,size,150-200 mm
252,23,130,connectivity,bluetooth - wifi - cellular
253,23,131,color,gray
254,23,131,size,150-200 mm
255,23,131,connectivity,bluetooth - wifi
256,23,132,color,gray
257,23,132,size,150-200 mm
258,23,132,connectivity,bluetooth
259,23,133,color,black
260,23,133,size,130-180 mm
261,23,133,connectivity,bluetooth - wifi - cellular
262,23,134,color,black
263,23,134,size,130-180 mm
264,23,134,connectivity,bluetooth - wifi
265,23,135,color,black
266,23,135,size,130-180 mm
267,23,135,connectivity,bluetooth
268,23,136,color,black
269,23,136,size,140-190 mm
270,23,136,connectivity,bluetooth - wifi - cellular
271,23,137,color,black
272,23,137,size,140-190 mm
273,23,137,connectivity,bluetooth - wifi
274,23,138,color,black
275,23,138,size,140-190 mm
276,23,138,connectivity,bluetooth
277,23,139,color,black
278,23,139,size,150-200 mm
279,23,139,connectivity,bluetooth - wifi - cellular
280,23,140,color,black
281,23,140,size,150-200 mm
282,23,140,connectivity,bluetooth - wifi
283,23,141,color,black
284,23,141,size,150-200 mm
285,23,141,connectivity,bluetooth
286,23,142,color,red
287,23,142,size,130-180 mm
288,23,142,connectivity,bluetooth - wifi - cellular
289,23,143,color,red
290,23,143,size,130-180 mm
291,23,143,connectivity,bluetooth - wifi
292,23,144,color,red
293,23,144,size,130-180 mm
294,23,144,connectivity,bluetooth
295,23,145,color,red
296,23,145,size,140-190 mm
297,23,145,connectivity,bluetooth - wifi - cellular
298,23,146,color,red
299,23,146,size,140-190 mm
300,23,146,connectivity,bluetooth - wifi
301,23,147,color,red
302,23,147,size,140-190 mm
303,23,147,connectivity,bluetooth
304,23,148,color,red
305,23,148,size,150-200 mm
306,23,148,connectivity,bluetooth - wifi - cellular
307,23,149,color,red
308,23,149,size,150-200 mm
309,23,149,connectivity,bluetooth - wifi
310,23,150,color,red
311,23,150,size,150-200 mm
312,23,150,connectivity,bluetooth
313,24,151,color,red
314,24,151,size,130-180 mm
315,24,151,connectivity,bluetooth - wifi - cellular
316,24,152,color,red
317,24,152,size,130-180 mm
318,24,152,connectivity,bluetooth - wifi
319,24,153,color,red
320,24,153,size,130-180 mm
321,24,153,connectivity,bluetooth
322,24,154,color,red
323,24,154,size,140-190 mm
324,24,154,connectivity,bluetooth - wifi - cellular
325,24,155,color,red
326,24,155,size,140-190 mm
327,24,155,connectivity,bluetooth - wifi
328,24,156,color,red
329,24,156,size,140-190 mm
330,24,156,connectivity,bluetooth
331,24,157,color,red
332,24,157,size,150-200 mm
333,24,157,connectivity,bluetooth - wifi - cellular
334,24,158,color,red
335,24,158,size,150-200 mm
336,24,158,connectivity,bluetooth - wifi
337,24,159,color,red
338,24,159,size,150-200 mm
339,24,159,connectivity,bluetooth
340,24,160,color,gray
341,24,160,size,130-180 mm
342,24,160,connectivity,bluetooth - wifi - cellular
343,24,161,color,gray
344,24,161,size,130-180 mm
345,24,161,connectivity,bluetooth - wifi
346,24,162,color,gray
347,24,162,size,130-180 mm
348,24,162,connectivity,bluetooth
349,24,163,color,gray
350,24,163,size,140-190 mm
351,24,163,connectivity,bluetooth - wifi - cellular
352,24,164,color,gray
353,24,164,size,140-190 mm
354,24,164,connectivity,bluetooth - wifi
355,24,165,color,gray
356,24,165,size,140-190 mm
357,24,165,connectivity,bluetooth
358,24,166,color,gray
359,24,166,size,150-200 mm
360,24,166,connectivity,bluetooth - wifi - cellular
361,24,167,color,gray
362,24,167,size,150-200 mm
363,24,167,connectivity,bluetooth - wifi
364,24,168,color,gray
365,24,168,size,150-200 mm
366,24,168,connectivity,bluetooth
367,24,169,color,blue
368,24,169,size,130-180 mm
369,24,169,connectivity,bluetooth - wifi - cellular
370,24,170,color,blue
371,24,170,size,130-180 mm
372,24,170,connectivity,bluetooth - wifi
373,24,171,color,blue
374,24,171,size,130-180 mm
375,24,171,connectivity,bluetooth
376,24,172,color,blue
377,24,172,size,140-190 mm
378,24,172,connectivity,bluetooth - wifi - cellular
379,24,173,color,blue
380,24,173,size,140-190 mm
381,24,173,connectivity,bluetooth - wifi
382,24,174,color,blue
383,24,174,size,140-190 mm
384,24,174,connectivity,bluetooth
385,24,175,color,blue
386,24,175,size,150-200 mm
387,24,175,connectivity,bluetooth - wifi - cellular
388,24,176,color,blue
389,24,176,size,150-200 mm
390,24,176,connectivity,bluetooth - wifi
391,24,177,color,blue
392,24,177,size,150-200 mm
393,24,177,connectivity,bluetooth
394,25,178,color,black
395,25,178,size,130-180 mm
396,25,178,connectivity,bluetooth - wifi - cellular
397,25,179,color,black
398,25,179,size,130-180 mm
399,25,179,connectivity,bluetooth - wifi
400,25,180,color,black
401,25,180,size,130-180 mm
402,25,180,connectivity,bluetooth
403,25,181,color,black
404,25,181,size,140-190 mm
405,25,181,connectivity,bluetooth - wifi - cellular
406,25,182,color,black
407,25,182,size,140-190 mm
408,25,182,connectivity,bluetooth - wifi
409,25,183,color,black
410,25,183,size,140-190 mm
411,25,183,connectivity,bluetooth
412,25,184,color,black
413,25,184,size,150-200 mm
414,25,184,connectivity,bluetooth - wifi - cellular
415,25,185,color,black
416,25,185,size,150-200 mm
417,25,185,connectivity,bluetooth - wifi
418,25,186,color,black
419,25,186,size,150-200 mm
420,25,186,connectivity,bluetooth
421,25,187,color,blue
422,25,187,size,130-180 mm
423,25,187,connectivity,bluetooth - wifi - cellular
424,25,188,color,blue
425,25,188,size,130-180 mm
426,25,188,connectivity,bluetooth - wifi
427,25,189,color,blue
428,25,189,size,130-180 mm
429,25,189,connectivity,bluetooth
430,25,190,color,blue
431,25,190,size,140-190 mm
432,25,190,connectivity,bluetooth - wifi - cellular
433,25,191,color,blue
434,25,191,size,140-190 mm
435,25,191,connectivity,bluetooth - wifi
436,25,192,color,blue
437,25,192,size,140-190 mm
438,25,192,connectivity,bluetooth
439,25,193,color,blue
440,25,193,size,150-200 mm
441,25,193,connectivity,bluetooth - wifi - cellular
442,25,194,color,blue
443,25,194,size,150-200 mm
444,25,194,connectivity,bluetooth - wifi
445,25,195,color,blue
446,25,195,size,150-200 mm
447,25,195,connectivity,bluetooth
448,25,196,color,white
449,25,196,size,130-180 mm
450,25,196,connectivity,bluetooth - wifi - cellular
451,25,197,color,white
452,25,197,size,130-180 mm
453,25,197,connectivity,bluetooth - wifi
454,25,198,color,white
455,25,198,size,130-180 mm
456,25,198,connectivity,bluetooth
457,25,199,color,white
458,25,199,size,140-190 mm
459,25,199,connectivity,bluetooth - wifi - cellular
460,25,200,color,white
461,25,200,size,140-190 mm
462,25,200,connectivity,bluetooth - wifi
463,25,201,color,white
464,25,201,size,140-190 mm
465,25,201,connectivity,bluetooth
466,25,202,color,white
467,25,202,size,150-200 mm
468,25,202,connectivity,bluetooth - wifi - cellular
469,25,203,color,white
470,25,203,size,150-200 mm
471,25,203,connectivity,bluetooth - wifi
472,25,204,color,white
473,25,204,size,150-200 mm
474,25,204,connectivity,bluetooth
475,26,205,color,white
476,26,205,size,130-180 mm
477,26,205,connectivity,bluetooth - wifi - cellular
478,26,206,color,white
479,26,206,size,130-180 mm
480,26,206,connectivity,bluetooth - wifi
481,26,207,color,white
482,26,207,size,130-180 mm
483,26,207,connectivity,bluetooth
484,26,208,color,white
485,26,208,size,140-190 mm
486,26,208,connectivity,bluetooth - wifi - cellular
487,26,209,color,white
488,26,209,size,140-190 mm
489,26,209,connectivity,bluetooth - wifi
490,26,210,color,white
491,26,210,size,140-190 mm
492,26,210,connectivity,bluetooth
493,26,211,color,white
494,26,211,size,150-200 mm
495,26,211,connectivity,bluetooth - wifi - cellular
496,26,212,color,white
497,26,212,size,150-200 mm
498,26,212,connectivity,bluetooth - wifi
499,26,213,color,white
500,26,213,size,150-200 mm
501,26,213,connectivity,bluetooth
502,26,214,color,red
503,26,214,size,130-180 mm
504,26,214,connectivity,bluetooth - wifi - cellular
505,26,215,color,red
506,26,215,size,130-180 mm
507,26,215,connectivity,bluetooth - wifi
508,26,216,color,red
509,26,216,size,130-180 mm
510,26,216,connectivity,bluetooth
511,26,217,color,red
512,26,217,size,140-190 mm
513,26,217,connectivity,bluetooth - wifi - cellular
514,26,218,color,red
515,26,218,size,140-190 mm
516,26,218,connectivity,bluetooth - wifi
517,26,219,color,red
518,26,219,size,140-190 mm
519,26,219,connectivity,bluetooth
520,26,220,color,red
521,26,220,size,150-200 mm
522,26,220,connectivity,bluetooth - wifi - cellular
523,26,221,color,red
524,26,221,size,150-200 mm
525,26,221,connectivity,bluetooth - wifi
526,26,222,color,red
527,26,222,size,150-200 mm
528,26,222,connectivity,bluetooth
529,26,223,color,green
530,26,223,size,130-180 mm
531,26,223,connectivity,bluetooth - wifi - cellular
532,26,224,color,green
533,26,224,size,130-180 mm
534,26,224,connectivity,bluetooth - wifi
535,26,225,color,green
536,26,225,size,130-180 mm
537,26,225,connectivity,bluetooth
538,26,226,color,green
539,26,226,size,140-190 mm
540,26,226,connectivity,bluetooth - wifi - cellular
541,26,227,color,green
542,26,227,size,140-190 mm
543,26,227,connectivity,bluetooth - wifi
544,26,228,color,green
545,26,228,size,140-190 mm
546,26,228,connectivity,bluetooth
547,26,229,color,green
548,26,229,size,150-200 mm
549,26,229,connectivity,bluetooth - wifi - cellular
550,26,230,color,green
551,26,230,size,150-200 mm
552,26,230,connectivity,bluetooth - wifi
553,26,231,color,green
554,26,231,size,150-200 mm
555,26,231,connectivity,bluetooth
556,27,232,color,white
557,27,232,size,130-180 mm
558,27,232,connectivity,bluetooth - wifi - cellular
559,27,233,color,white
560,27,233,size,130-180 mm
561,27,233,connectivity,bluetooth - wifi
562,27,234,color,white
563,27,234,size,130-180 mm
564,27,234,connectivity,bluetooth
565,27,235,color,white
566,27,235,size,140-190 mm
567,27,235,connectivity,bluetooth - wifi - cellular
568,27,236,color,white
569,27,236,size,140-190 mm
570,27,236,connectivity,bluetooth - wifi
571,27,237,color,white
572,27,237,size,140-190 mm
573,27,237,connectivity,bluetooth
574,27,238,color,white
575,27,238,size,150-200 mm
576,27,238,connectivity,bluetooth - wifi - cellular
577,27,239,color,white
578,27,239,size,150-200 mm
579,27,239,connectivity,bluetooth - wifi
580,27,240,color,white
581,27,240,size,150-200 mm
582,27,240,connectivity,bluetooth
583,27,241,color,red
584,27,241,size,130-180 mm
585,27,241,connectivity,bluetooth - wifi - cellular
586,27,242,color,red
587,27,242,size,130-180 mm
588,27,242,connectivity,bluetooth - wifi
589,27,243,color,red
590,27,243,size,130-180 mm
591,27,243,connectivity,bluetooth
592,27,244,color,red
593,27,244,size,140-190 mm
594,27,244,connectivity,bluetooth - wifi - cellular
595,27,245,color,red
596,27,245,size,140-190 mm
597,27,245,connectivity,bluetooth - wifi
598,27,246,color,red
599,27,246,size,140-190 mm
600,27,246,connectivity,bluetooth
601,27,247,color,red
602,27,247,size,150-200 mm
603,27,247,connectivity,bluetooth - wifi - cellular
604,27,248,color,red
605,27,248,size,150-200 mm
606,27,248,connectivity,bluetooth - wifi
607,27,249,color,red
608,27,249,size,150-200 mm
609,27,249,connectivity,bluetooth
610,27,250,color,green
611,27,250,size,130-180 mm
612,27,250,connectivity,bluetooth - wifi - cellular
613,27,251,color,green
614,27,251,size,130-180 mm
615,27,251,connectivity,bluetooth - wifi
616,27,252,color,green
617,27,252,size,130-180 mm
618,27,252,connectivity,bluetooth
619,27,253,color,green
620,27,253,size,140-190 mm
621,27,253,connectivity,bluetooth - wifi - cellular
622,27,254,color,green
623,27,254,size,140-190 mm
624,27,254,connectivity,bluetooth - wifi
625,27,255,color,green
626,27,255,size,140-190 mm
627,27,255,connectivity,bluetooth
628,27,256,color,green
629,27,256,size,150-200 mm
630,27,256,connectivity,bluetooth - wifi - cellular
631,27,257,color,green
632,27,257,size,150-200 mm
633,27,257,connectivity,bluetooth - wifi
634,27,258,color,green
635,27,258,size,150-200 mm
636,27,258,connectivity,bluetooth
637,28,259,color,green
638,28,259,size,130-180 mm
639,28,259,connectivity,bluetooth - wifi - cellular
640,28,260,color,green
641,28,260,size,130-180 mm
642,28,260,connectivity,bluetooth - wifi
643,28,261,color,green
644,28,261,size,130-180 mm
645,28,261,connectivity,bluetooth
646,28,262,color,green
647,28,262,size,140-190 mm
648,28,262,connectivity,bluetooth - wifi - cellular
649,28,263,color,green
650,28,263,size,140-190 mm
651,28,263,connectivity,bluetooth - wifi
652,28,264,color,green
653,28,264,size,140-190 mm
654,28,264,connectivity,bluetooth
655,28,265,color,green
656,28,265,size,150-200 mm
657,28,265,connectivity,bluetooth - wifi - cellular
658,28,266,color,green
659,28,266,size,150-200 mm
660,28,266,connectivity,bluetooth - wifi
661,28,267,color,green
662,28,267,size,150-200 mm
663,28,267,connectivity,bluetooth
664,28,268,color,gray
665,28,268,size,130-180 mm
666,28,268,connectivity,bluetooth - wifi - cellular
667,28,269,color,gray
668,28,269,size,130-180 mm
669,28,269,connectivity,bluetooth - wifi
670,28,270,color,gray
671,28,270,size,130-180 mm
672,28,270,connectivity,bluetooth
673,28,271,color,gray
674,28,271,size,140-190 mm
675,28,271,connectivity,bluetooth - wifi - cellular
676,28,272,color,gray
677,28,272,size,140-190 mm
678,28,272,connectivity,bluetooth - wifi
679,28,273,color,gray
680,28,273,size,140-190 mm
681,28,273,connectivity,bluetooth
682,28,274,color,gray
683,28,274,size,150-200 mm
684,28,274,connectivity,bluetooth - wifi - cellular
685,28,275,color,gray
686,28,275,size,150-200 mm
687,28,275,connectivity,bluetooth - wifi
688,28,276,color,gray
689,28,276,size,150-200 mm
690,28,276,connectivity,bluetooth
691,28,277,color,red
692,28,277,size,130-180 mm
693,28,277,connectivity,bluetooth - wifi - cellular
694,28,278,color,red
695,28,278,size,130-180 mm
696,28,278,connectivity,bluetooth - wifi
697,28,279,color,red
698,28,279,size,130-180 mm
699,28,279,connectivity,bluetooth
700,28,280,color,red
701,28,280,size,140-190 mm
702,28,280,connectivity,bluetooth - wifi - cellular
703,28,281,color,red
704,28,281,size,140-190 mm
705,28,281,connectivity,bluetooth - wifi
706,28,282,color,red
707,28,282,size,140-190 mm
708,28,282,connectivity,bluetooth
709,28,283,color,red
710,28,283,size,150-200 mm
711,28,283,connectivity,bluetooth - wifi - cellular
712,28,284,color,red
713,28,284,size,150-200 mm
714,28,284,connectivity,bluetooth - wifi
715,28,285,color,red
716,28,285,size,150-200 mm
717,28,285,connectivity,bluetooth
718,29,286,color,white
719,29,286,size,130-180 mm
720,29,286,connectivity,bluetooth - wifi - cellular
721,29,287,color,white
722,29,287,size,130-180 mm
723,29,287,connectivity,bluetooth - wifi
724,29,288,color,white
725,29,288,size,130-180 mm
726,29,288,connectivity,bluetooth
727,29,289,color,white
728,29,289,size,140-190 mm
729,29,289,connectivity,bluetooth - wifi - cellular
730,29,290,color,white
731,29,290,size,140-190 mm
732,29,290,connectivity,bluetooth - wifi
733,29,291,color,white
734,29,291,size,140-190 mm
735,29,291,connectivity,bluetooth
736,29,292,color,white
737,29,292,size,150-200 mm
738,29,292,connectivity,bluetooth - wifi - cellular
739,29,293,color,white
740,29,293,size,150-200 mm
741,29,293,connectivity,bluetooth - wifi
742,29,294,color,white
743,29,294,size,150-200 mm
744,29,294,connectivity,bluetooth
745,29,295,color,red
746,29,295,size,130-180 mm
747,29,295,connectivity,bluetooth - wifi - cellular
748,29,296,color,red
749,29,296,size,130-180 mm
750,29,296,connectivity,bluetooth - wifi
751,29,297,color,red
752,29,297,size,130-180 mm
753,29,297,connectivity,bluetooth
754,29,298,color,red
755,29,298,size,140-190 mm
756,29,298,connectivity,bluetooth - wifi - cellular
757,29,299,color,red
758,29,299,size,140-190 mm
759,29,299,connectivity,bluetooth - wifi
760,29,300,color,red
761,29,300,size,140-190 mm
762,29,300,connectivity,bluetooth
763,29,301,color,red
764,29,301,size,150-200 mm
765,29,301,connectivity,bluetooth - wifi - cellular
766,29,302,color,red
767,29,302,size,150-200 mm
768,29,302,connectivity,bluetooth - wifi
769,29,303,color,red
770,29,303,size,150-200 mm
771,29,303,connectivity,bluetooth
772,29,304,color,gray
773,29,304,size,130-180 mm
774,29,304,connectivity,bluetooth - wifi - cellular
775,29,305,color,gray
776,29,305,size,130-180 mm
777,29,305,connectivity,bluetooth - wifi
778,29,306,color,gray
779,29,306,size,130-180 mm
780,29,306,connectivity,bluetooth
781,29,307,color,gray
782,29,307,size,140-190 mm
783,29,307,connectivity,bluetooth - wifi - cellular
784,29,308,color,gray
785,29,308,size,140-190 mm
786,29,308,connectivity,bluetooth - wifi
787,29,309,color,gray
788,29,309,size,140-190 mm
789,29,309,connectivity,bluetooth
790,29,310,color,gray
791,29,310,size,150-200 mm
792,29,310,connectivity,bluetooth - wifi - cellular
793,29,311,color,gray
794,29,311,size,150-200 mm
795,29,311,connectivity,bluetooth - wifi
796,29,312,color,gray
797,29,312,size,150-200 mm
798,29,312,connectivity,bluetooth
799,30,313,color,red
800,30,313,size,130-180 mm
801,30,313,connectivity,bluetooth - wifi - cellular
802,30,314,color,red
803,30,314,size,130-180 mm
804,30,314,connectivity,bluetooth - wifi
805,30,315,color,red
806,30,315,size,130-180 mm
807,30,315,connectivity,bluetooth
808,30,316,color,red
809,30,316,size,140-190 mm
810,30,316,connectivity,bluetooth - wifi - cellular
811,30,317,color,red
812,30,317,size,140-190 mm
813,30,317,connectivity,bluetooth - wifi
814,30,318,color,red
815,30,318,size,140-190 mm
816,30,318,connectivity,bluetooth
817,30,319,color,red
818,30,319,size,150-200 mm
819,30,319,connectivity,bluetooth - wifi - cellular
820,30,320,color,red
821,30,320,size,150-200 mm
822,30,320,connectivity,bluetooth - wifi
823,30,321,color,red
824,30,321,size,150-200 mm
825,30,321,connectivity,bluetooth
826,30,322,color,blue
827,30,322,size,130-180 mm
828,30,322,connectivity,bluetooth - wifi - cellular
829,30,323,color,blue
830,30,323,size,130-180 mm
831,30,323,connectivity,bluetooth - wifi
832,30,324,color,blue
833,30,324,size,130-180 mm
834,30,324,connectivity,bluetooth
835,30,325,color,blue
836,30,325,size,140-190 mm
837,30,325,connectivity,bluetooth - wifi - cellular
838,30,326,color,blue
839,30,326,size,140-190 mm
840,30,326,connectivity,bluetooth - wifi
841,30,327,color,blue
842,30,327,size,140-190 mm
843,30,327,connectivity,bluetooth
844,30,328,color,blue
845,30,328,size,150-200 mm
846,30,328,connectivity,bluetooth - wifi - cellular
847,30,329,color,blue
848,30,329,size,150-200 mm
849,30,329,connectivity,bluetooth - wifi
850,30,330,color,blue
851,30,330,size,150-200 mm
852,30,330,connectivity,bluetooth
853,30,331,color,black
854,30,331,size,130-180 mm
855,30,331,connectivity,bluetooth - wifi - cellular
856,30,332,color,black
857,30,332,size,130-180 mm
858,30,332,connectivity,bluetooth - wifi
859,30,333,color,black
860,30,333,size,130-180 mm
861,30,333,connectivity,bluetooth
862,30,334,color,black
863,30,334,size,140-190 mm
864,30,334,connectivity,bluetooth - wifi - cellular
865,30,335,color,black
866,30,335,size,140-190 mm
867,30,335,connectivity,bluetooth - wifi
868,30,336,color,black
869,30,336,size,140-190 mm
870,30,336,connectivity,bluetooth
871,30,337,color,black
872,30,337,size,150-200 mm
873,30,337,connectivity,bluetooth - wifi - cellular
874,30,338,color,black
875,30,338,size,150-200 mm
876,30,338,connectivity,bluetooth - wifi
877,30,339,color,black
878,30,339,size,150-200 mm
879,30,339,connectivity,bluetooth
880,31,340,color,gray
881,31,340,size,130-180 mm
882,31,340,connectivity,bluetooth - wifi - cellular
883,31,341,color,gray
884,31,341,size,130-180 mm
885,31,341,connectivity,bluetooth - wifi
886,31,342,color,gray
887,31,342,size,130-180 mm
888,31,342,connectivity,bluetooth
889,31,343,color,gray
890,31,343,size,140-190 mm
891,31,343,connectivity,bluetooth - wifi - cellular
892,31,344,color,gray
893,31,344,size,140-190 mm
894,31,344,connectivity,bluetooth - wifi
895,31,345,color,gray
896,31,345,size,140-190 mm
897,31,345,connectivity,bluetooth
898,31,346,color,gray
899,31,346,size,150-200 mm
900,31,346,connectivity,bluetooth - wifi - cellular
901,31,347,color,gray
902,31,347,size,150-200 mm
903,31,347,connectivity,bluetooth - wifi
904,31,348,color,gray
905,31,348,size,150-200 mm
906,31,348,connectivity,bluetooth
907,31,349,color,blue
908,31,349,size,130-180 mm
909,31,349,connectivity,bluetooth - wifi - cellular
910,31,350,color,blue
911,31,350,size,130-180 mm
912,31,350,connectivity,bluetooth - wifi
913,31,351,color,blue
914,31,351,size,130-180 mm
915,31,351,connectivity,bluetooth
916,31,352,color,blue
917,31,352,size,140-190 mm
918,31,352,connectivity,bluetooth - wifi - cellular
919,31,353,color,blue
920,31,353,size,140-190 mm
921,31,353,connectivity,bluetooth - wifi
922,31,354,color,blue
923,31,354,size,140-190 mm
924,31,354,connectivity,bluetooth
925,31,355,color,blue
926,31,355,size,150-200 mm
927,31,355,connectivity,bluetooth - wifi - cellular
928,31,356,color,blue
929,31,356,size,150-200 mm
930,31,356,connectivity,bluetooth - wifi
931,31,357,color,blue
932,31,357,size,150-200 mm
933,31,357,connectivity,bluetooth
934,31,358,color,black
935,31,358,size,130-180 mm
936,31,358,connectivity,bluetooth - wifi - cellular
937,31,359,color,black
938,31,359,size,130-180 mm
939,31,359,connectivity,bluetooth - wifi
940,31,360,color,black
941,31,360,size,130-180 mm
942,31,360,connectivity,bluetooth
943,31,361,color,black
944,31,361,size,140-190 mm
945,31,361,connectivity,bluetooth - wifi - cellular
946,31,362,color,black
947,31,362,size,140-190 mm
948,31,362,connectivity,bluetooth - wifi
949,31,363,color,black
950,31,363,size,140-190 mm
951,31,363,connectivity,bluetooth
952,31,364,color,black
953,31,364,size,150-200 mm
954,31,364,connectivity,bluetooth - wifi - cellular
955,31,365,color,black
956,31,365,size,150-200 mm
957,31,365,connectivity,bluetooth - wifi
958,31,366,color,black
959,31,366,size,150-200 mm
960,31,366,connectivity,bluetooth
961,32,367,color,white
962,32,367,size,130-180 mm
963,32,367,connectivity,bluetooth - wifi - cellular
964,32,368,color,white
965,32,368,size,130-180 mm
966,32,368,connectivity,bluetooth - wifi
967,32,369,color,white
968,32,369,size,130-180 mm
969,32,369,connectivity,bluetooth
970,32,370,color,white
971,32,370,size,140-190 mm
972,32,370,connectivity,bluetooth - wifi - cellular
973,32,371,color,white
974,32,371,size,140-190 mm
975,32,371,connectivity,bluetooth - wifi
976,32,372,color,white
977,32,372,size,140-190 mm
978,32,372,connectivity,bluetooth
979,32,373,color,white
980,32,373,size,150-200 mm
981,32,373,connectivity,bluetooth - wifi - cellular
982,32,374,color,white
983,32,374,size,150-200 mm
984,32,374,connectivity,bluetooth - wifi
985,32,375,color,white
986,32,375,size,150-200 mm
987,32,375,connectivity,bluetooth
988,32,376,color,blue
989,32,376,size,130-180 mm
990,32,376,connectivity,bluetooth - wifi - cellular
991,32,377,color,blue
992,32,377,size,130-180 mm
993,32,377,connectivity,bluetooth - wifi
994,32,378,color,blue
995,32,378,size,130-180 mm
996,32,378,connectivity,bluetooth
997,32,379,color,blue
998,32,379,size,140-190 mm
999,32,379,connectivity,bluetooth - wifi - cellular
1000,32,380,color,blue
1001,32,380,size,140-190 mm
1002,32,380,connectivity,bluetooth - wifi
1003,32,381,color,blue
1004,32,381,size,140-190 mm
1005,32,381,connectivity,bluetooth
1006,32,382,color,blue
1007,32,382,size,150-200 mm
1008,32,382,connectivity,bluetooth - wifi - cellular
1009,32,383,color,blue
1010,32,383,size,150-200 mm
1011,32,383,connectivity,bluetooth - wifi
1012,32,384,color,blue
1013,32,384,size,150-200 mm
1014,32,384,connectivity,bluetooth
1015,32,385,color,black
1016,32,385,size,130-180 mm
1017,32,385,connectivity,bluetooth - wifi - cellular
1018,32,386,color,black
1019,32,386,size,130-180 mm
1020,32,386,connectivity,bluetooth - wifi
1021,32,387,color,black
1022,32,387,size,130-180 mm
1023,32,387,connectivity,bluetooth
1024,32,388,color,black
1025,32,388,size,140-190 mm
1026,32,388,connectivity,bluetooth - wifi - cellular
1027,32,389,color,black
1028,32,389,size,140-190 mm
1029,32,389,connectivity,bluetooth - wifi
1030,32,390,color,black
1031,32,390,size,140-190 mm
1032,32,390,connectivity,bluetooth
1033,32,391,color,black
1034,32,391,size,150-200 mm
1035,32,391,connectivity,bluetooth - wifi - cellular
1036,32,392,color,black
1037,32,392,size,150-200 mm
1038,32,392,connectivity,bluetooth - wifi
1039,32,393,color,black
1040,32,393,size,150-200 mm
1041,32,393,connectivity,bluetooth
1042,33,394,color,white
1043,33,394,size,130-180 mm
1044,33,394,connectivity,bluetooth - wifi - cellular
1045,33,395,color,white
1046,33,395,size,130-180 mm
1047,33,395,connectivity,bluetooth - wifi
1048,33,396,color,white
1049,33,396,size,130-180 mm
1050,33,396,connectivity,bluetooth
1051,33,397,color,white
1052,33,397,size,140-190 mm
1053,33,397,connectivity,bluetooth - wifi - cellular
1054,33,398,color,white
1055,33,398,size,140-190 mm
1056,33,398,connectivity,bluetooth - wifi
1057,33,399,color,white
1058,33,399,size,140-190 mm
1059,33,399,connectivity,bluetooth
1060,33,400,color,white
1061,33,400,size,150-200 mm
1062,33,400,connectivity,bluetooth - wifi - cellular
1063,33,401,color,white
1064,33,401,size,150-200 mm
1065,33,401,connectivity,bluetooth - wifi
1066,33,402,color,white
1067,33,402,size,150-200 mm
1068,33,402,connectivity,bluetooth
1069,33,403,color,gray
1070,33,403,size,130-180 mm
1071,33,403,connectivity,bluetooth - wifi - cellular
1072,33,404,color,gray
1073,33,404,size,130-180 mm
1074,33,404,connectivity,bluetooth - wifi
1075,33,405,color,gray
1076,33,405,size,130-180 mm
1077,33,405,connectivity,bluetooth
1078,33,406,color,gray
1079,33,406,size,140-190 mm
1080,33,406,connectivity,bluetooth - wifi - cellular
1081,33,407,color,gray
1082,33,407,size,140-190 mm
1083,33,407,connectivity,bluetooth - wifi
1084,33,408,color,gray
1085,33,408,size,140-190 mm
1086,33,408,connectivity,bluetooth
1087,33,409,color,gray
1088,33,409,size,150-200 mm
1089,33,409,connectivity,bluetooth - wifi - cellular
1090,33,410,color,gray
1091,33,410,size,150-200 mm
1092,33,410,connectivity,bluetooth - wifi
1093,33,411,color,gray
1094,33,411,size,150-200 mm
1095,33,411,connectivity,bluetooth
1096,33,412,color,red
1097,33,412,size,130-180 mm
1098,33,412,connectivity,bluetooth - wifi - cellular
1099,33,413,color,red
1100,33,413,size,130-180 mm
1101,33,413,connectivity,bluetooth - wifi
1102,33,414,color,red
1103,33,414,size,130-180 mm
1104,33,414,connectivity,bluetooth
1105,33,415,color,red
1106,33,415,size,140-190 mm
1107,33,415,connectivity,bluetooth - wifi - cellular
1108,33,416,color,red
1109,33,416,size,140-190 mm
1110,33,416,connectivity,bluetooth - wifi
1111,33,417,color,red
1112,33,417,size,140-190 mm
1113,33,417,connectivity,bluetooth
1114,33,418,color,red
1115,33,418,size,150-200 mm
1116,33,418,connectivity,bluetooth - wifi - cellular
1117,33,419,color,red
1118,33,419,size,150-200 mm
1119,33,419,connectivity,bluetooth - wifi
1120,33,420,color,red
1121,33,420,size,150-200 mm
1122,33,420,connectivity,bluetooth
1123,34,421,color,white
1124,34,421,size,130-180 mm
1125,34,421,connectivity,bluetooth - wifi - cellular
1126,34,422,color,white
1127,34,422,size,130-180 mm
1128,34,422,connectivity,bluetooth - wifi
1129,34,423,color,white
1130,34,423,size,130-180 mm
1131,34,423,connectivity,bluetooth
1132,34,424,color,white
1133,34,424,size,140-190 mm
1134,34,424,connectivity,bluetooth - wifi - cellular
1135,34,425,color,white
1136,34,425,size,140-190 mm
1137,34,425,connectivity,bluetooth - wifi
1138,34,426,color,white
1139,34,426,size,140-190 mm
1140,34,426,connectivity,bluetooth
1141,34,427,color,white
1142,34,427,size,150-200 mm
1143,34,427,connectivity,bluetooth - wifi - cellular
1144,34,428,color,white
1145,34,428,size,150-200 mm
1146,34,428,connectivity,bluetooth - wifi
1147,34,429,color,white
1148,34,429,size,150-200 mm
1149,34,429,connectivity,bluetooth
1150,34,430,color,blue
1151,34,430,size,130-180 mm
1152,34,430,connectivity,bluetooth - wifi - cellular
1153,34,431,color,blue
1154,34,431,size,130-180 mm
1155,34,431,connectivity,bluetooth - wifi
1156,34,432,color,blue
1157,34,432,size,130-180 mm
1158,34,432,connectivity,bluetooth
1159,34,433,color,blue
1160,34,433,size,140-190 mm
1161,34,433,connectivity,bluetooth - wifi - cellular
1162,34,434,color,blue
1163,34,434,size,140-190 mm
1164,34,434,connectivity,bluetooth - wifi
1165,34,435,color,blue
1166,34,435,size,140-190 mm
1167,34,435,connectivity,bluetooth
1168,34,436,color,blue
1169,34,436,size,150-200 mm
1170,34,436,connectivity,bluetooth - wifi - cellular
1171,34,437,color,blue
1172,34,437,size,150-200 mm
1173,34,437,connectivity,bluetooth - wifi
1174,34,438,color,blue
1175,34,438,size,150-200 mm
1176,34,438,connectivity,bluetooth
1177,34,439,color,gray
1178,34,439,size,130-180 mm
1179,34,439,connectivity,bluetooth - wifi - cellular
1180,34,440,color,gray
1181,34,440,size,130-180 mm
1182,34,440,connectivity,bluetooth - wifi
1183,34,441,color,gray
1184,34,441,size,130-180 mm
1185,34,441,connectivity,bluetooth
1186,34,442,color,gray
1187,34,442,size,140-190 mm
1188,34,442,connectivity,bluetooth - wifi - cellular
1189,34,443,color,gray
1190,34,443,size,140-190 mm
1191,34,443,connectivity,bluetooth - wifi
1192,34,444,color,gray
1193,34,444,size,140-190 mm
1194,34,444,connectivity,bluetooth
1195,34,445,color,gray
1196,34,445,size,150-200 mm
1197,34,445,connectivity,bluetooth - wifi - cellular
1198,34,446,color,gray
1199,34,446,size,150-200 mm
1200,34,446,connectivity,bluetooth - wifi
1201,34,447,color,gray
1202,34,447,size,150-200 mm
1203,34,447,connectivity,bluetooth
1204,35,448,color,white
1205,35,448,size,130-180 mm
1206,35,448,connectivity,bluetooth - wifi - cellular
1207,35,449,color,white
1208,35,449,size,130-180 mm
1209,35,449,connectivity,bluetooth - wifi
1210,35,450,color,white
1211,35,450,size,130-180 mm
1212,35,450,connectivity,bluetooth
1213,35,451,color,white
1214,35,451,size,140-190 mm
1215,35,451,connectivity,bluetooth - wifi - cellular
1216,35,452,color,white
1217,35,452,size,140-190 mm
1218,35,452,connectivity,bluetooth - wifi
1219,35,453,color,white
1220,35,453,size,140-190 mm
1221,35,453,connectivity,bluetooth
1222,35,454,color,white
1223,35,454,size,150-200 mm
1224,35,454,connectivity,bluetooth - wifi - cellular
1225,35,455,color,white
1226,35,455,size,150-200 mm
1227,35,455,connectivity,bluetooth - wifi
1228,35,456,color,white
1229,35,456,size,150-200 mm
1230,35,456,connectivity,bluetooth
1231,35,457,color,black
1232,35,457,size,130-180 mm
1233,35,457,connectivity,bluetooth - wifi - cellular
1234,35,458,color,black
1235,35,458,size,130-180 mm
1236,35,458,connectivity,bluetooth - wifi
1237,35,459,color,black
1238,35,459,size,130-180 mm
1239,35,459,connectivity,bluetooth
1240,35,460,color,black
1241,35,460,size,140-190 mm
1242,35,460,connectivity,bluetooth - wifi - cellular
1243,35,461,color,black
1244,35,461,size,140-190 mm
1245,35,461,connectivity,bluetooth - wifi
1246,35,462,color,black
1247,35,462,size,140-190 mm
1248,35,462,connectivity,bluetooth
1249,35,463,color,black
1250,35,463,size,150-200 mm
1251,35,463,connectivity,bluetooth - wifi - cellular
1252,35,464,color,black
1253,35,464,size,150-200 mm
1254,35,464,connectivity,bluetooth - wifi
1255,35,465,color,black
1256,35,465,size,150-200 mm
1257,35,465,connectivity,bluetooth
1258,35,466,color,blue
1259,35,466,size,130-180 mm
1260,35,466,connectivity,bluetooth - wifi - cellular
1261,35,467,color,blue
1262,35,467,size,130-180 mm
1263,35,467,connectivity,bluetooth - wifi
1264,35,468,color,blue
1265,35,468,size,130-180 mm
1266,35,468,connectivity,bluetooth
1267,35,469,color,blue
1268,35,469,size,140-190 mm
1269,35,469,connectivity,bluetooth - wifi - cellular
1270,35,470,color,blue
1271,35,470,size,140-190 mm
1272,35,470,connectivity,bluetooth - wifi
1273,35,471,color,blue
1274,35,471,size,140-190 mm
1275,35,471,connectivity,bluetooth
1276,35,472,color,blue
1277,35,472,size,150-200 mm
1278,35,472,connectivity,bluetooth - wifi - cellular
1279,35,473,color,blue
1280,35,473,size,150-200 mm
1281,35,473,connectivity,bluetooth - wifi
1282,35,474,color,blue
1283,35,474,size,150-200 mm
1284,35,474,connectivity,bluetooth
1285,36,475,color,black
1286,36,475,size,130-180 mm
1287,36,475,connectivity,bluetooth - wifi - cellular
1288,36,476,color,black
1289,36,476,size,130-180 mm
1290,36,476,connectivity,bluetooth - wifi
1291,36,477,color,black
1292,36,477,size,130-180 mm
1293,36,477,connectivity,bluetooth
1294,36,478,color,black
1295,36,478,size,140-190 mm
1296,36,478,connectivity,bluetooth - wifi - cellular
1297,36,479,color,black
1298,36,479,size,140-190 mm
1299,36,479,connectivity,bluetooth - wifi
1300,36,480,color,black
1301,36,480,size,140-190 mm
1302,36,480,connectivity,bluetooth
1303,36,481,color,black
1304,36,481,size,150-200 mm
1305,36,481,connectivity,bluetooth - wifi - cellular
1306,36,482,color,black
1307,36,482,size,150-200 mm
1308,36,482,connectivity,bluetooth - wifi
1309,36,483,color,black
1310,36,483,size,150-200 mm
1311,36,483,connectivity,bluetooth
1312,36,484,color,gray
1313,36,484,size,130-180 mm
1314,36,484,connectivity,bluetooth - wifi - cellular
1315,36,485,color,gray
1316,36,485,size,130-180 mm
1317,36,485,connectivity,bluetooth - wifi
1318,36,486,color,gray
1319,36,486,size,130-180 mm
1320,36,486,connectivity,bluetooth
1321,36,487,color,gray
1322,36,487,size,140-190 mm
1323,36,487,connectivity,bluetooth - wifi - cellular
1324,36,488,color,gray
1325,36,488,size,140-190 mm
1326,36,488,connectivity,bluetooth - wifi
1327,36,489,color,gray
1328,36,489,size,140-190 mm
1329,36,489,connectivity,bluetooth
1330,36,490,color,gray
1331,36,490,size,150-200 mm
1332,36,490,connectivity,bluetooth - wifi - cellular
1333,36,491,color,gray
1334,36,491,size,150-200 mm
1335,36,491,connectivity,bluetooth - wifi
1336,36,492,color,gray
1337,36,492,size,150-200 mm
1338,36,492,connectivity,bluetooth
1339,36,493,color,red
1340,36,493,size,130-180 mm
1341,36,493,connectivity,bluetooth - wifi - cellular
1342,36,494,color,red
1343,36,494,size,130-180 mm
1344,36,494,connectivity,bluetooth - wifi
1345,36,495,color,red
1346,36,495,size,130-180 mm
1347,36,495,connectivity,bluetooth
1348,36,496,color,red
1349,36,496,size,140-190 mm
1350,36,496,connectivity,bluetooth - wifi - cellular
1351,36,497,color,red
1352,36,497,size,140-190 mm
1353,36,497,connectivity,bluetooth - wifi
1354,36,498,color,red
1355,36,498,size,140-190 mm
1356,36,498,connectivity,bluetooth
1357,36,499,color,red
1358,36,499,size,150-200 mm
1359,36,499,connectivity,bluetooth - wifi - cellular
1360,36,500,color,red
1361,36,500,size,150-200 mm
1362,36,500,connectivity,bluetooth - wifi
1363,36,501,color,red
1364,36,501,size,150-200 mm
1365,36,501,connectivity,bluetooth
1366,37,502,color,blue
1367,37,502,size,130-180 mm
1368,37,502,connectivity,bluetooth - wifi - cellular
1369,37,503,color,blue
1370,37,503,size,130-180 mm
1371,37,503,connectivity,bluetooth - wifi
1372,37,504,color,blue
1373,37,504,size,130-180 mm
1374,37,504,connectivity,bluetooth
1375,37,505,color,blue
1376,37,505,size,140-190 mm
1377,37,505,connectivity,bluetooth - wifi - cellular
1378,37,506,color,blue
1379,37,506,size,140-190 mm
1380,37,506,connectivity,bluetooth - wifi
1381,37,507,color,blue
1382,37,507,size,140-190 mm
1383,37,507,connectivity,bluetooth
1384,37,508,color,blue
1385,37,508,size,150-200 mm
1386,37,508,connectivity,bluetooth - wifi - cellular
1387,37,509,color,blue
1388,37,509,size,150-200 mm
1389,37,509,connectivity,bluetooth - wifi
1390,37,510,color,blue
1391,37,510,size,150-200 mm
1392,37,510,connectivity,bluetooth
1393,37,511,color,red
1394,37,511,size,130-180 mm
1395,37,511,connectivity,bluetooth - wifi - cellular
1396,37,512,color,red
1397,37,512,size,130-180 mm
1398,37,512,connectivity,bluetooth - wifi
1399,37,513,color,red
1400,37,513,size,130-180 mm
1401,37,513,connectivity,bluetooth
1402,37,514,color,red
1403,37,514,size,140-190 mm
1404,37,514,connectivity,bluetooth - wifi - cellular
1405,37,515,color,red
1406,37,515,size,140-190 mm
1407,37,515,connectivity,bluetooth - wifi
1408,37,516,color,red
1409,37,516,size,140-190 mm
1410,37,516,connectivity,bluetooth
1411,37,517,color,red
1412,37,517,size,150-200 mm
1413,37,517,connectivity,bluetooth - wifi - cellular
1414,37,518,color,red
1415,37,518,size,150-200 mm
1416,37,518,connectivity,bluetooth - wifi
1417,37,519,color,red
1418,37,519,size,150-200 mm
1419,37,519,connectivity,bluetooth
1420,37,520,color,gray
1421,37,520,size,130-180 mm
1422,37,520,connectivity,bluetooth - wifi - cellular
1423,37,521,color,gray
1424,37,521,size,130-180 mm
1425,37,521,connectivity,bluetooth - wifi
1426,37,522,color,gray
1427,37,522,size,130-180 mm
1428,37,522,connectivity,bluetooth
1429,37,523,color,gray
1430,37,523,size,140-190 mm
1431,37,523,connectivity,bluetooth - wifi - cellular
1432,37,524,color,gray
1433,37,524,size,140-190 mm
1434,37,524,connectivity,bluetooth - wifi
1435,37,525,color,gray
1436,37,525,size,140-190 mm
1437,37,525,connectivity,bluetooth
1438,37,526,color,gray
1439,37,526,size,150-200 mm
1440,37,526,connectivity,bluetooth - wifi - cellular
1441,37,527,color,gray
1442,37,527,size,150-200 mm
1443,37,527,connectivity,bluetooth - wifi
1444,37,528,color,gray
1445,37,528,size,150-200 mm
1446,37,528,connectivity,bluetooth
1447,38,529,color,blue
1448,38,529,size,8 inch
1449,38,529,storage,128 GB
1450,38,530,color,blue
1451,38,530,size,8 inch
1452,38,530,storage,256 GB
1453,38,531,color,blue
1454,38,531,size,8 inch
1455,38,531,storage,512 GB
1456,38,532,color,blue
1457,38,532,size,10 inch
1458,38,532,storage,128 GB
1459,38,533,color,blue
1460,38,533,size,10 inch
1461,38,533,storage,256 GB
1462,38,534,color,blue
1463,38,534,size,10 inch
1464,38,534,storage,512 GB
1465,38,535,color,blue
1466,38,535,size,12 inch
1467,38,535,storage,128 GB
1468,38,536,color,blue
1469,38,536,size,12 inch
1470,38,536,storage,256 GB
1471,38,537,color,blue
1472,38,537,size,12 inch
1473,38,537,storage,512 GB
1474,38,538,color,gray
1475,38,538,size,8 inch
1476,38,538,storage,128 GB
1477,38,539,color,gray
1478,38,539,size,8 inch
1479,38,539,storage,256 GB
1480,38,540,color,gray
1481,38,540,size,8 inch
1482,38,540,storage,512 GB
1483,38,541,color,gray
1484,38,541,size,10 inch
1485,38,541,storage,128 GB
1486,38,542,color,gray
1487,38,542,size,10 inch
1488,38,542,storage,256 GB
1489,38,543,color,gray
1490,38,543,size,10 inch
1491,38,543,storage,512 GB
1492,38,544,color,gray
1493,38,544,size,12 inch
1494,38,544,storage,128 GB
1495,38,545,color,gray
1496,38,545,size,12 inch
1497,38,545,storage,256 GB
1498,38,546,color,gray
1499,38,546,size,12 inch
1500,38,546,storage,512 GB
1501,38,547,color,red
1502,38,547,size,8 inch
1503,38,547,storage,128 GB
1504,38,548,color,red
1505,38,548,size,8 inch
1506,38,548,storage,256 GB
1507,38,549,color,red
1508,38,549,size,8 inch
1509,38,549,storage,512 GB
1510,38,550,color,red
1511,38,550,size,10 inch
1512,38,550,storage,128 GB
1513,38,551,color,red
1514,38,551,size,10 inch
1515,38,551,storage,256 GB
1516,38,552,color,red
1517,38,552,size,10 inch
1518,38,552,storage,512 GB
1519,38,553,color,red
1520,38,553,size,12 inch
1521,38,553,storage,128 GB
1522,38,554,color,red
1523,38,554,size,12 inch
1524,38,554,storage,256 GB
1525,38,555,color,red
1526,38,555,size,12 inch
1527,38,555,storage,512 GB
1528,39,556,color,white
1529,39,556,size,8 inch
1530,39,556,storage,128 GB
1531,39,557,color,white
1532,39,557,size,8 inch
1533,39,557,storage,256 GB
1534,39,558,color,white
1535,39,558,size,8 inch
1536,39,558,storage,512 GB
1537,39,559,color,white
1538,39,559,size,10 inch
1539,39,559,storage,128 GB
1540,39,560,color,white
1541,39,560,size,10 inch
1542,39,560,storage,256 GB
1543,39,561,color,white
1544,39,561,size,10 inch
1545,39,561,storage,512 GB
1546,39,562,color,white
1547,39,562,size,12 inch
1548,39,562,storage,128 GB
1549,39,563,color,white
1550,39,563,size,12 inch
1551,39,563,storage,256 GB
1552,39,564,color,white
1553,39,564,size,12 inch
1554,39,564,storage,512 GB
1555,39,565,color,gray
1556,39,565,size,8 inch
1557,39,565,storage,128 GB
1558,39,566,color,gray
1559,39,566,size,8 inch
1560,39,566,storage,256 GB
1561,39,567,color,gray
1562,39,567,size,8 inch
1563,39,567,storage,512 GB
1564,39,568,color,gray
1565,39,568,size,10 inch
1566,39,568,storage,128 GB
1567,39,569,color,gray
1568,39,569,size,10 inch
1569,39,569,storage,256 GB
1570,39,570,color,gray
1571,39,570,size,10 inch
1572,39,570,storage,512 GB
1573,39,571,color,gray
1574,39,571,size,12 inch
1575,39,571,storage,128 GB
1576,39,572,color,gray
1577,39,572,size,12 inch
1578,39,572,storage,256 GB
1579,39,573,color,gray
1580,39,573,size,12 inch
1581,39,573,storage,512 GB
1582,39,574,color,red
1583,39,574,size,8 inch
1584,39,574,storage,128 GB
1585,39,575,color,red
1586,39,575,size,8 inch
1587,39,575,storage,256 GB
1588,39,576,color,red
1589,39,576,size,8 inch
1590,39,576,storage,512 GB
1591,39,577,color,red
1592,39,577,size,10 inch
1593,39,577,storage,128 GB
1594,39,578,color,red
1595,39,578,size,10 inch
1596,39,578,storage,256 GB
1597,39,579,color,red
1598,39,579,size,10 inch
1599,39,579,storage,512 GB
1600,39,580,color,red
1601,39,580,size,12 inch
1602,39,580,storage,128 GB
1603,39,581,color,red
1604,39,581,size,12 inch
1605,39,581,storage,256 GB
1606,39,582,color,red
1607,39,582,size,12 inch
1608,39,582,storage,512 GB
1609,40,583,color,black
1610,40,583,size,8 inch
1611,40,583,storage,128 GB
1612,40,584,color,black
1613,40,584,size,8 inch
1614,40,584,storage,256 GB
1615,40,585,color,black
1616,40,585,size,8 inch
1617,40,585,storage,512 GB
1618,40,586,color,black
1619,40,586,size,10 inch
1620,40,586,storage,128 GB
1621,40,587,color,black
1622,40,587,size,10 inch
1623,40,587,storage,256 GB
1624,40,588,color,black
1625,40,588,size,10 inch
1626,40,588,storage,512 GB
1627,40,589,color,black
1628,40,589,size,12 inch
1629,40,589,storage,128 GB
1630,40,590,color,black
1631,40,590,size,12 inch
1632,40,590,storage,256 GB
1633,40,591,color,black
1634,40,591,size,12 inch
1635,40,591,storage,512 GB
1636,40,592,color,blue
1637,40,592,size,8 inch
1638,40,592,storage,128 GB
1639,40,593,color,blue
1640,40,593,size,8 inch
1641,40,593,storage,256 GB
1642,40,594,color,blue
1643,40,594,size,8 inch
1644,40,594,storage,512 GB
1645,40,595,color,blue
1646,40,595,size,10 inch
1647,40,595,storage,128 GB
1648,40,596,color,blue
1649,40,596,size,10 inch
1650,40,596,storage,256 GB
1651,40,597,color,blue
1652,40,597,size,10 inch
1653,40,597,storage,512 GB
1654,40,598,color,blue
1655,40,598,size,12 inch
1656,40,598,storage,128 GB
1657,40,599,color,blue
1658,40,599,size,12 inch
1659,40,599,storage,256 GB
1660,40,600,color,blue
1661,40,600,size,12 inch
1662,40,600,storage,512 GB
1663,40,601,color,green
1664,40,601,size,8 inch
1665,40,601,storage,128 GB
1666,40,602,color,green
1667,40,602,size,8 inch
1668,40,602,storage,256 GB
1669,40,603,color,green
1670,40,603,size,8 inch
1671,40,603,storage,512 GB
1672,40,604,color,green
1673,40,604,size,10 inch
1674,40,604,storage,128 GB
1675,40,605,color,green
1676,40,605,size,10 inch
1677,40,605,storage,256 GB
1678,40,606,color,green
1679,40,606,size,10 inch
1680,40,606,storage,512 GB
1681,40,607,color,green
1682,40,607,size,12 inch
1683,40,607,storage,128 GB
1684,40,608,color,green
1685,40,608,size,12 inch
1686,40,608,storage,256 GB
1687,40,609,color,green
1688,40,609,size,12 inch
1689,40,609,storage,512 GB
1690,41,610,color,blue
1691,41,610,size,8 inch
1692,41,610,storage,128 GB
1693,41,611,color,blue
1694,41,611,size,8 inch
1695,41,611,storage,256 GB
1696,41,612,color,blue
1697,41,612,size,8 inch
1698,41,612,storage,512 GB
1699,41,613,color,blue
1700,41,613,size,10 inch
1701,41,613,storage,128 GB
1702,41,614,color,blue
1703,41,614,size,10 inch
1704,41,614,storage,256 GB
1705,41,615,color,blue
1706,41,615,size,10 inch
1707,41,615,storage,512 GB
1708,41,616,color,blue
1709,41,616,size,12 inch
1710,41,616,storage,128 GB
1711,41,617,color,blue
1712,41,617,size,12 inch
1713,41,617,storage,256 GB
1714,41,618,color,blue
1715,41,618,size,12 inch
1716,41,618,storage,512 GB
1717,41,619,color,green
1718,41,619,size,8 inch
1719,41,619,storage,128 GB
1720,41,620,color,green
1721,41,620,size,8 inch
1722,41,620,storage,256 GB
1723,41,621,color,green
1724,41,621,size,8 inch
1725,41,621,storage,512 GB
1726,41,622,color,green
1727,41,622,size,10 inch
1728,41,622,storage,128 GB
1729,41,623,color,green
1730,41,623,size,10 inch
1731,41,623,storage,256 GB
1732,41,624,color,green
1733,41,624,size,10 inch
1734,41,624,storage,512 GB
1735,41,625,color,green
1736,41,625,size,12 inch
1737,41,625,storage,128 GB
1738,41,626,color,green
1739,41,626,size,12 inch
1740,41,626,storage,256 GB
1741,41,627,color,green
1742,41,627,size,12 inch
1743,41,627,storage,512 GB
1744,41,628,color,gray
1745,41,628,size,8 inch
1746,41,628,storage,128 GB
1747,41,629,color,gray
1748,41,629,size,8 inch
1749,41,629,storage,256 GB
1750,41,630,color,gray
1751,41,630,size,8 inch
1752,41,630,storage,512 GB
1753,41,631,color,gray
1754,41,631,size,10 inch
1755,41,631,storage,128 GB
1756,41,632,color,gray
1757,41,632,size,10 inch
1758,41,632,storage,256 GB
1759,41,633,color,gray
1760,41,633,size,10 inch
1761,41,633,storage,512 GB
1762,41,634,color,gray
1763,41,634,size,12 inch
1764,41,634,storage,128 GB
1765,41,635,color,gray
1766,41,635,size,12 inch
1767,41,635,storage,256 GB
1768,41,636,color,gray
1769,41,636,size,12 inch
1770,41,636,storage,512 GB
1771,42,637,color,black
1772,42,637,size,8 inch
1773,42,637,storage,128 GB
1774,42,638,color,black
1775,42,638,size,8 inch
1776,42,638,storage,256 GB
1777,42,639,color,black
1778,42,639,size,8 inch
1779,42,639,storage,512 GB
1780,42,640,color,black
1781,42,640,size,10 inch
1782,42,640,storage,128 GB
1783,42,641,color,black
1784,42,641,size,10 inch
1785,42,641,storage,256 GB
1786,42,642,color,black
1787,42,642,size,10 inch
1788,42,642,storage,512 GB
1789,42,643,color,black
1790,42,643,size,12 inch
1791,42,643,storage,128 GB
1792,42,644,color,black
1793,42,644,size,12 inch
1794,42,644,storage,256 GB
1795,42,645,color,black
1796,42,645,size,12 inch
1797,42,645,storage,512 GB
1798,42,646,color,gray
1799,42,646,size,8 inch
1800,42,646,storage,128 GB
1801,42,647,color,gray
1802,42,647,size,8 inch
1803,42,647,storage,256 GB
1804,42,648,color,gray
1805,42,648,size,8 inch
1806,42,648,storage,512 GB
1807,42,649,color,gray
1808,42,649,size,10 inch
1809,42,649,storage,128 GB
1810,42,650,color,gray
1811,42,650,size,10 inch
1812,42,650,storage,256 GB
1813,42,651,color,gray
1814,42,651,size,10 inch
1815,42,651,storage,512 GB
1816,42,652,color,gray
1817,42,652,size,12 inch
1818,42,652,storage,128 GB
1819,42,653,color,gray
1820,42,653,size,12 inch
1821,42,653,storage,256 GB
1822,42,654,color,gray
1823,42,654,size,12 inch
1824,42,654,storage,512 GB
1825,42,655,color,white
1826,42,655,size,8 inch
1827,42,655,storage,128 GB
1828,42,656,color,white
1829,42,656,size,8 inch
1830,42,656,storage,256 GB
1831,42,657,color,white
1832,42,657,size,8 inch
1833,42,657,storage,512 GB
1834,42,658,color,white
1835,42,658,size,10 inch
1836,42,658,storage,128 GB
1837,42,659,color,white
1838,42,659,size,10 inch
1839,42,659,storage,256 GB
1840,42,660,color,white
1841,42,660,size,10 inch
1842,42,660,storage,512 GB
1843,42,661,color,white
1844,42,661,size,12 inch
1845,42,661,storage,128 GB
1846,42,662,color,white
1847,42,662,size,12 inch
1848,42,662,storage,256 GB
1849,42,663,color,white
1850,42,663,size,12 inch
1851,42,663,storage,512 GB
1852,43,664,color,black
1853,43,664,size,8 inch
1854,43,664,storage,128 GB
1855,43,665,color,black
1856,43,665,size,8 inch
1857,43,665,storage,256 GB
1858,43,666,color,black
1859,43,666,size,8 inch
1860,43,666,storage,512 GB
1861,43,667,color,black
1862,43,667,size,10 inch
1863,43,667,storage,128 GB
1864,43,668,color,black
1865,43,668,size,10 inch
1866,43,668,storage,256 GB
1867,43,669,color,black
1868,43,669,size,10 inch
1869,43,669,storage,512 GB
1870,43,670,color,black
1871,43,670,size,12 inch
1872,43,670,storage,128 GB
1873,43,671,color,black
1874,43,671,size,12 inch
1875,43,671,storage,256 GB
1876,43,672,color,black
1877,43,672,size,12 inch
1878,43,672,storage,512 GB
1879,43,673,color,blue
1880,43,673,size,8 inch
1881,43,673,storage,128 GB
1882,43,674,color,blue
1883,43,674,size,8 inch
1884,43,674,storage,256 GB
1885,43,675,color,blue
1886,43,675,size,8 inch
1887,43,675,storage,512 GB
1888,43,676,color,blue
1889,43,676,size,10 inch
1890,43,676,storage,128 GB
1891,43,677,color,blue
1892,43,677,size,10 inch
1893,43,677,storage,256 GB
1894,43,678,color,blue
1895,43,678,size,10 inch
1896,43,678,storage,512 GB
1897,43,679,color,blue
1898,43,679,size,12 inch
1899,43,679,storage,128 GB
1900,43,680,color,blue
1901,43,680,size,12 inch
1902,43,680,storage,256 GB
1903,43,681,color,blue
1904,43,681,size,12 inch
1905,43,681,storage,512 GB
1906,43,682,color,gray
1907,43,682,size,8 inch
1908,43,682,storage,128 GB
1909,43,683,color,gray
1910,43,683,size,8 inch
1911,43,683,storage,256 GB
1912,43,684,color,gray
1913,43,684,size,8 inch
1914,43,684,storage,512 GB
1915,43,685,color,gray
1916,43,685,size,10 inch
1917,43,685,storage,128 GB
1918,43,686,color,gray
1919,43,686,size,10 inch
1920,43,686,storage,256 GB
1921,43,687,color,gray
1922,43,687,size,10 inch
1923,43,687,storage,512 GB
1924,43,688,color,gray
1925,43,688,size,12 inch
1926,43,688,storage,128 GB
1927,43,689,color,gray
1928,43,689,size,12 inch
1929,43,689,storage,256 GB
1930,43,690,color,gray
1931,43,690,size,12 inch
1932,43,690,storage,512 GB
1933,44,691,color,blue
1934,44,691,size,8 inch
1935,44,691,storage,128 GB
1936,44,692,color,blue
1937,44,692,size,8 inch
1938,44,692,storage,256 GB
1939,44,693,color,blue
1940,44,693,size,8 inch
1941,44,693,storage,512 GB
1942,44,694,color,blue
1943,44,694,size,10 inch
1944,44,694,storage,128 GB
1945,44,695,color,blue
1946,44,695,size,10 inch
1947,44,695,storage,256 GB
1948,44,696,color,blue
1949,44,696,size,10 inch
1950,44,696,storage,512 GB
1951,44,697,color,blue
1952,44,697,size,12 inch
1953,44,697,storage,128 GB
1954,44,698,color,blue
1955,44,698,size,12 inch
1956,44,698,storage,256 GB
1957,44,699,color,blue
1958,44,699,size,12 inch
1959,44,699,storage,512 GB
1960,44,700,color,white
1961,44,700,size,8 inch
1962,44,700,storage,128 GB
1963,44,701,color,white
1964,44,701,size,8 inch
1965,44,701,storage,256 GB
1966,44,702,color,white
1967,44,702,size,8 inch
1968,44,702,storage,512 GB
1969,44,703,color,white
1970,44,703,size,10 inch
1971,44,703,storage,128 GB
1972,44,704,color,white
1973,44,704,size,10 inch
1974,44,704,storage,256 GB
1975,44,705,color,white
1976,44,705,size,10 inch
1977,44,705,storage,512 GB
1978,44,706,color,white
1979,44,706,size,12 inch
1980,44,706,storage,128 GB
1981,44,707,color,white
1982,44,707,size,12 inch
1983,44,707,storage,256 GB
1984,44,708,color,white
1985,44,708,size,12 inch
1986,44,708,storage,512 GB
1987,44,709,color,green
1988,44,709,size,8 inch
1989,44,709,storage,128 GB
1990,44,710,color,green
1991,44,710,size,8 inch
1992,44,710,storage,256 GB
1993,44,711,color,green
1994,44,711,size,8 inch
1995,44,711,storage,512 GB
1996,44,712,color,green
1997,44,712,size,10 inch
1998,44,712,storage,128 GB
1999,44,713,color,green
2000,44,713,size,10 inch
2001,44,713,storage,256 GB
2002,44,714,color,green
2003,44,714,size,10 inch
2004,44,714,storage,512 GB
2005,44,715,color,green
2006,44,715,size,12 inch
2007,44,715,storage,128 GB
2008,44,716,color,green
2009,44,716,size,12 inch
2010,44,716,storage,256 GB
2011,44,717,color,green
2012,44,717,size,12 inch
2013,44,717,storage,512 GB
2014,45,718,color,green
2015,45,718,size,8 inch
2016,45,718,storage,128 GB
2017,45,719,color,green
2018,45,719,size,8 inch
2019,45,719,storage,256 GB
2020,45,720,color,green
2021,45,720,size,8 inch
2022,45,720,storage,512 GB
2023,45,721,color,green
2024,45,721,size,10 inch
2025,45,721,storage,128 GB
2026,45,722,color,green
2027,45,722,size,10 inch
2028,45,722,storage,256 GB
2029,45,723,color,green
2030,45,723,size,10 inch
2031,45,723,storage,512 GB
2032,45,724,color,green
2033,45,724,size,12 inch
2034,45,724,storage,128 GB
2035,45,725,color,green
2036,45,725,size,12 inch
2037,45,725,storage,256 GB
2038,45,726,color,green
2039,45,726,size,12 inch
2040,45,726,storage,512 GB
2041,45,727,color,white
2042,45,727,size,8 inch
2043,45,727,storage,128 GB
2044,45,728,color,white
2045,45,728,size,8 inch
2046,45,728,storage,256 GB
2047,45,729,color,white
2048,45,729,size,8 inch
2049,45,729,storage,512 GB
2050,45,730,color,white
2051,45,730,size,10 inch
2052,45,730,storage,128 GB
2053,45,731,color,white
2054,45,731,size,10 inch
2055,45,731,storage,256 GB
2056,45,732,color,white
2057,45,732,size,10 inch
2058,45,732,storage,512 GB
2059,45,733,color,white
2060,45,733,size,12 inch
2061,45,733,storage,128 GB
2062,45,734,color,white
2063,45,734,size,12 inch
2064,45,734,storage,256 GB
2065,45,735,color,white
2066,45,735,size,12 inch
2067,45,735,storage,512 GB
2068,45,736,color,gray
2069,45,736,size,8 inch
2070,45,736,storage,128 GB
2071,45,737,color,gray
2072,45,737,size,8 inch
2073,45,737,storage,256 GB
2074,45,738,color,gray
2075,45,738,size,8 inch
2076,45,738,storage,512 GB
2077,45,739,color,gray
2078,45,739,size,10 inch
2079,45,739,storage,128 GB
2080,45,740,color,gray
2081,45,740,size,10 inch
2082,45,740,storage,256 GB
2083,45,741,color,gray
2084,45,741,size,10 inch
2085,45,741,storage,512 GB
2086,45,742,color,gray
2087,45,742,size,12 inch
2088,45,742,storage,128 GB
2089,45,743,color,gray
2090,45,743,size,12 inch
2091,45,743,storage,256 GB
2092,45,744,color,gray
2093,45,744,size,12 inch
2094,45,744,storage,512 GB
2095,46,745,color,green
2096,46,745,size,8 inch
2097,46,745,storage,128 GB
2098,46,746,color,green
2099,46,746,size,8 inch
2100,46,746,storage,256 GB
2101,46,747,color,green
2102,46,747,size,8 inch
2103,46,747,storage,512 GB
2104,46,748,color,green
2105,46,748,size,10 inch
2106,46,748,storage,128 GB
2107,46,749,color,green
2108,46,749,size,10 inch
2109,46,749,storage,256 GB
2110,46,750,color,green
2111,46,750,size,10 inch
2112,46,750,storage,512 GB
2113,46,751,color,green
2114,46,751,size,12 inch
2115,46,751,storage,128 GB
2116,46,752,color,green
2117,46,752,size,12 inch
2118,46,752,storage,256 GB
2119,46,753,color,green
2120,46,753,size,12 inch
2121,46,753,storage,512 GB
2122,46,754,color,white
2123,46,754,size,8 inch
2124,46,754,storage,128 GB
2125,46,755,color,white
2126,46,755,size,8 inch
2127,46,755,storage,256 GB
2128,46,756,color,white
2129,46,756,size,8 inch
2130,46,756,storage,512 GB
2131,46,757,color,white
2132,46,757,size,10 inch
2133,46,757,storage,128 GB
2134,46,758,color,white
2135,46,758,size,10 inch
2136,46,758,storage,256 GB
2137,46,759,color,white
2138,46,759,size,10 inch
2139,46,759,storage,512 GB
2140,46,760,color,white
2141,46,760,size,12 inch
2142,46,760,storage,128 GB
2143,46,761,color,white
2144,46,761,size,12 inch
2145,46,761,storage,256 GB
2146,46,762,color,white
2147,46,762,size,12 inch
2148,46,762,storage,512 GB
2149,46,763,color,black
2150,46,763,size,8 inch
2151,46,763,storage,128 GB
2152,46,764,color,black
2153,46,764,size,8 inch
2154,46,764,storage,256 GB
2155,46,765,color,black
2156,46,765,size,8 inch
2157,46,765,storage,512 GB
2158,46,766,color,black
2159,46,766,size,10 inch
2160,46,766,storage,128 GB
2161,46,767,color,black
2162,46,767,size,10 inch
2163,46,767,storage,256 GB
2164,46,768,color,black
2165,46,768,size,10 inch
2166,46,768,storage,512 GB
2167,46,769,color,black
2168,46,769,size,12 inch
2169,46,769,storage,128 GB
2170,46,770,color,black
2171,46,770,size,12 inch
2172,46,770,storage,256 GB
2173,46,771,color,black
2174,46,771,size,12 inch
2175,46,771,storage,512 GB
2176,47,772,color,red
2177,47,772,size,8 inch
2178,47,772,storage,128 GB
2179,47,773,color,red
2180,47,773,size,8 inch
2181,47,773,storage,256 GB
2182,47,774,color,red
2183,47,774,size,8 inch
2184,47,774,storage,512 GB
2185,47,775,color,red
2186,47,775,size,10 inch
2187,47,775,storage,128 GB
2188,47,776,color,red
2189,47,776,size,10 inch
2190,47,776,storage,256 GB
2191,47,777,color,red
2192,47,777,size,10 inch
2193,47,777,storage,512 GB
2194,47,778,color,red
2195,47,778,size,12 inch
2196,47,778,storage,128 GB
2197,47,779,color,red
2198,47,779,size,12 inch
2199,47,779,storage,256 GB
2200,47,780,color,red
2201,47,780,size,12 inch
2202,47,780,storage,512 GB
2203,47,781,color,blue
2204,47,781,size,8 inch
2205,47,781,storage,128 GB
2206,47,782,color,blue
2207,47,782,size,8 inch
2208,47,782,storage,256 GB
2209,47,783,color,blue
2210,47,783,size,8 inch
2211,47,783,storage,512 GB
2212,47,784,color,blue
2213,47,784,size,10 inch
2214,47,784,storage,128 GB
2215,47,785,color,blue
2216,47,785,size,10 inch
2217,47,785,storage,256 GB
2218,47,786,color,blue
2219,47,786,size,10 inch
2220,47,786,storage,512 GB
2221,47,787,color,blue
2222,47,787,size,12 inch
2223,47,787,storage,128 GB
2224,47,788,color,blue
2225,47,788,size,12 inch
2226,47,788,storage,256 GB
2227,47,789,color,blue
2228,47,789,size,12 inch
2229,47,789,storage,512 GB
2230,47,790,color,green
2231,47,790,size,8 inch
2232,47,790,storage,128 GB
2233,47,791,color,green
2234,47,791,size,8 inch
2235,47,791,storage,256 GB
2236,47,792,color,green
2237,47,792,size,8 inch
2238,47,792,storage,512 GB
2239,47,793,color,green
2240,47,793,size,10 inch
2241,47,793,storage,128 GB
2242,47,794,color,green
2243,47,794,size,10 inch
2244,47,794,storage,256 GB
2245,47,795,color,green
2246,47,795,size,10 inch
2247,47,795,storage,512 GB
2248,47,796,color,green
2249,47,796,size,12 inch
2250,47,796,storage,128 GB
2251,47,797,color,green
2252,47,797,size,12 inch
2253,47,797,storage,256 GB
2254,47,798,color,green
2255,47,798,size,12 inch
2256,47,798,storage,512 GB
2257,48,799,color,green
2258,48,799,size,8 inch
2259,48,799,storage,128 GB
2260,48,800,color,green
2261,48,800,size,8 inch
2262,48,800,storage,256 GB
2263,48,801,color,green
2264,48,801,size,8 inch
2265,48,801,storage,512 GB
2266,48,802,color,green
2267,48,802,size,10 inch
2268,48,802,storage,128 GB
2269,48,803,color,green
2270,48,803,size,10 inch
2271,48,803,storage,256 GB
2272,48,804,color,green
2273,48,804,size,10 inch
2274,48,804,storage,512 GB
2275,48,805,color,green
2276,48,805,size,12 inch
2277,48,805,storage,128 GB
2278,48,806,color,green
2279,48,806,size,12 inch
2280,48,806,storage,256 GB
2281,48,807,color,green
2282,48,807,size,12 inch
2283,48,807,storage,512 GB
2284,48,808,color,blue
2285,48,808,size,8 inch
2286,48,808,storage,128 GB
2287,48,809,color,blue
2288,48,809,size,8 inch
2289,48,809,storage,256 GB
2290,48,810,color,blue
2291,48,810,size,8 inch
2292,48,810,storage,512 GB
2293,48,811,color,blue
2294,48,811,size,10 inch
2295,48,811,storage,128 GB
2296,48,812,color,blue
2297,48,812,size,10 inch
2298,48,812,storage,256 GB
2299,48,813,color,blue
2300,48,813,size,10 inch
2301,48,813,storage,512 GB
2302,48,814,color,blue
2303,48,814,size,12 inch
2304,48,814,storage,128 GB
2305,48,815,color,blue
2306,48,815,size,12 inch
2307,48,815,storage,256 GB
2308,48,816,color,blue
2309,48,816,size,12 inch
2310,48,816,storage,512 GB
2311,48,817,color,black
2312,48,817,size,8 inch
2313,48,817,storage,128 GB
2314,48,818,color,black
2315,48,818,size,8 inch
2316,48,818,storage,256 GB
2317,48,819,color,black
2318,48,819,size,8 inch
2319,48,819,storage,512 GB
2320,48,820,color,black
2321,48,820,size,10 inch
2322,48,820,storage,128 GB
2323,48,821,color,black
2324,48,821,size,10 inch
2325,48,821,storage,256 GB
2326,48,822,color,black
2327,48,822,size,10 inch
2328,48,822,storage,512 GB
2329,48,823,color,black
2330,48,823,size,12 inch
2331,48,823,storage,128 GB
2332,48,824,color,black
2333,48,824,size,12 inch
2334,48,824,storage,256 GB
2335,48,825,color,black
2336,48,825,size,12 inch
2337,48,825,storage,512 GB
2338,49,826,color,white
2339,49,826,size,8 inch
2340,49,826,storage,128 GB
2341,49,827,color,white
2342,49,827,size,8 inch
2343,49,827,storage,256 GB
2344,49,828,color,white
2345,49,828,size,8 inch
2346,49,828,storage,512 GB
2347,49,829,color,white
2348,49,829,size,10 inch
2349,49,829,storage,128 GB
2350,49,830,color,white
2351,49,830,size,10 inch
2352,49,830,storage,256 GB
2353,49,831,color,white
2354,49,831,size,10 inch
2355,49,831,storage,512 GB
2356,49,832,color,white
2357,49,832,size,12 inch
2358,49,832,storage,128 GB
2359,49,833,color,white
2360,49,833,size,12 inch
2361,49,833,storage,256 GB
2362,49,834,color,white
2363,49,834,size,12 inch
2364,49,834,storage,512 GB
2365,49,835,color,gray
2366,49,835,size,8 inch
2367,49,835,storage,128 GB
2368,49,836,color,gray
2369,49,836,size,8 inch
2370,49,836,storage,256 GB
2371,49,837,color,gray
2372,49,837,size,8 inch
2373,49,837,storage,512 GB
2374,49,838,color,gray
2375,49,838,size,10 inch
2376,49,838,storage,128 GB
2377,49,839,color,gray
2378,49,839,size,10 inch
2379,49,839,storage,256 GB
2380,49,840,color,gray
2381,49,840,size,10 inch
2382,49,840,storage,512 GB
2383,49,841,color,gray
2384,49,841,size,12 inch
2385,49,841,storage,128 GB
2386,49,842,color,gray
2387,49,842,size,12 inch
2388,49,842,storage,256 GB
2389,49,843,color,gray
2390,49,843,size,12 inch
2391,49,843,storage,512 GB
2392,49,844,color,red
2393,49,844,size,8 inch
2394,49,844,storage,128 GB
2395,49,845,color,red
2396,49,845,size,8 inch
2397,49,845,storage,256 GB
2398,49,846,color,red
2399,49,846,size,8 inch
2400,49,846,storage,512 GB
2401,49,847,color,red
2402,49,847,size,10 inch
2403,49,847,storage,128 GB
2404,49,848,color,red
2405,49,848,size,10 inch
2406,49,848,storage,256 GB
2407,49,849,color,red
2408,49,849,size,10 inch
2409,49,849,storage,512 GB
2410,49,850,color,red
2411,49,850,size,12 inch
2412,49,850,storage,128 GB
2413,49,851,color,red
2414,49,851,size,12 inch
2415,49,851,storage,256 GB
2416,49,852,color,red
2417,49,852,size,12 inch
2418,49,852,storage,512 GB
2419,50,853,color,red
2420,50,853,size,8 inch
2421,50,853,storage,128 GB
2422,50,854,color,red
2423,50,854,size,8 inch
2424,50,854,storage,256 GB
2425,50,855,color,red
2426,50,855,size,8 inch
2427,50,855,storage,512 GB
2428,50,856,color,red
2429,50,856,size,10 inch
2430,50,856,storage,128 GB
2431,50,857,color,red
2432,50,857,size,10 inch
2433,50,857,storage,256 GB
2434,50,858,color,red
2435,50,858,size,10 inch
2436,50,858,storage,512 GB
2437,50,859,color,red
2438,50,859,size,12 inch
2439,50,859,storage,128 GB
2440,50,860,color,red
2441,50,860,size,12 inch
2442,50,860,storage,256 GB
2443,50,861,color,red
2444,50,861,size,12 inch
2445,50,861,storage,512 GB
2446,50,862,color,blue
2447,50,862,size,8 inch
2448,50,862,storage,128 GB
2449,50,863,color,blue
2450,50,863,size,8 inch
2451,50,863,storage,256 GB
2452,50,864,color,blue
2453,50,864,size,8 inch
2454,50,864,storage,512 GB
2455,50,865,color,blue
2456,50,865,size,10 inch
2457,50,865,storage,128 GB
2458,50,866,color,blue
2459,50,866,size,10 inch
2460,50,866,storage,256 GB
2461,50,867,color,blue
2462,50,867,size,10 inch
2463,50,867,storage,512 GB
2464,50,868,color,blue
2465,50,868,size,12 inch
2466,50,868,storage,128 GB
2467,50,869,color,blue
2468,50,869,size,12 inch
2469,50,869,storage,256 GB
2470,50,870,color,blue
2471,50,870,size,12 inch
2472,50,870,storage,512 GB
2473,50,871,color,gray
2474,50,871,size,8 inch
2475,50,871,storage,128 GB
2476,50,872,color,gray
2477,50,872,size,8 inch
2478,50,872,storage,256 GB
2479,50,873,color,gray
2480,50,873,size,8 inch
2481,50,873,storage,512 GB
2482,50,874,color,gray
2483,50,874,size,10 inch
2484,50,874,storage,128 GB
2485,50,875,color,gray
2486,50,875,size,10 inch
2487,50,875,storage,256 GB
2488,50,876,color,gray
2489,50,876,size,10 inch
2490,50,876,storage,512 GB
2491,50,877,color,gray
2492,50,877,size,12 inch
2493,50,877,storage,128 GB
2494,50,878,color,gray
2495,50,878,size,12 inch
2496,50,878,storage,256 GB
2497,50,879,color,gray
2498,50,879,size,12 inch
2499,50,879,storage,512 GB
2500,51,880,color,gray
2501,51,880,size,8 inch
2502,51,880,storage,128 GB
2503,51,881,color,gray
2504,51,881,size,8 inch
2505,51,881,storage,256 GB
2506,51,882,color,gray
2507,51,882,size,8 inch
2508,51,882,storage,512 GB
2509,51,883,color,gray
2510,51,883,size,10 inch
2511,51,883,storage,128 GB
2512,51,884,color,gray
2513,51,884,size,10 inch
2514,51,884,storage,256 GB
2515,51,885,color,gray
2516,51,885,size,10 inch
2517,51,885,storage,512 GB
2518,51,886,color,gray
2519,51,886,size,12 inch
2520,51,886,storage,128 GB
2521,51,887,color,gray
2522,51,887,size,12 inch
2523,51,887,storage,256 GB
2524,51,888,color,gray
2525,51,888,size,12 inch
2526,51,888,storage,512 GB
2527,51,889,color,red
2528,51,889,size,8 inch
2529,51,889,storage,128 GB
2530,51,890,color,red
2531,51,890,size,8 inch
2532,51,890,storage,256 GB
2533,51,891,color,red
2534,51,891,size,8 inch
2535,51,891,storage,512 GB
2536,51,892,color,red
2537,51,892,size,10 inch
2538,51,892,storage,128 GB
2539,51,893,color,red
2540,51,893,size,10 inch
2541,51,893,storage,256 GB
2542,51,894,color,red
2543,51,894,size,10 inch
2544,51,894,storage,512 GB
2545,51,895,color,red
2546,51,895,size,12 inch
2547,51,895,storage,128 GB
2548,51,896,color,red
2549,51,896,size,12 inch
2550,51,896,storage,256 GB
2551,51,897,color,red
2552,51,897,size,12 inch
2553,51,897,storage,512 GB
2554,51,898,color,blue
2555,51,898,size,8 inch
2556,51,898,storage,128 GB
2557,51,899,color,blue
2558,51,899,size,8 inch
2559,51,899,storage,256 GB
2560,51,900,color,blue
2561,51,900,size,8 inch
2562,51,900,storage,512 GB
2563,51,901,color,blue
2564,51,901,size,10 inch
2565,51,901,storage,128 GB
2566,51,902,color,blue
2567,51,902,size,10 inch
2568,51,902,storage,256 GB
2569,51,903,color,blue
2570,51,903,size,10 inch
2571,51,903,storage,512 GB
2572,51,904,color,blue
2573,51,904,size,12 inch
2574,51,904,storage,128 GB
2575,51,905,color,blue
2576,51,905,size,12 inch
2577,51,905,storage,256 GB
2578,51,906,color,blue
2579,51,906,size,12 inch
2580,51,906,storage,512 GB
2581,52,907,color,black
2582,52,907,size,8 inch
2583,52,907,storage,128 GB
2584,52,908,color,black
2585,52,908,size,8 inch
2586,52,908,storage,256 GB
2587,52,909,color,black
2588,52,909,size,8 inch
2589,52,909,storage,512 GB
2590,52,910,color,black
2591,52,910,size,10 inch
2592,52,910,storage,128 GB
2593,52,911,color,black
2594,52,911,size,10 inch
2595,52,911,storage,256 GB
2596,52,912,color,black
2597,52,912,size,10 inch
2598,52,912,storage,512 GB
2599,52,913,color,black
2600,52,913,size,12 inch
2601,52,913,storage,128 GB
2602,52,914,color,black
2603,52,914,size,12 inch
2604,52,914,storage,256 GB
2605,52,915,color,black
2606,52,915,size,12 inch
2607,52,915,storage,512 GB
2608,52,916,color,white
2609,52,916,size,8 inch
2610,52,916,storage,128 GB
2611,52,917,color,white
2612,52,917,size,8 inch
2613,52,917,storage,256 GB
2614,52,918,color,white
2615,52,918,size,8 inch
2616,52,918,storage,512 GB
2617,52,919,color,white
2618,52,919,size,10 inch
2619,52,919,storage,128 GB
2620,52,920,color,white
2621,52,920,size,10 inch
2622,52,920,storage,256 GB
2623,52,921,color,white
2624,52,921,size,10 inch
2625,52,921,storage,512 GB
2626,52,922,color,white
2627,52,922,size,12 inch
2628,52,922,storage,128 GB
2629,52,923,color,white
2630,52,923,size,12 inch
2631,52,923,storage,256 GB
2632,52,924,color,white
2633,52,924,size,12 inch
2634,52,924,storage,512 GB
2635,52,925,color,blue
2636,52,925,size,8 inch
2637,52,925,storage,128 GB
2638,52,926,color,blue
2639,52,926,size,8 inch
2640,52,926,storage,256 GB
2641,52,927,color,blue
2642,52,927,size,8 inch
2643,52,927,storage,512 GB
2644,52,928,color,blue
2645,52,928,size,10 inch
2646,52,928,storage,128 GB
2647,52,929,color,blue
2648,52,929,size,10 inch
2649,52,929,storage,256 GB
2650,52,930,color,blue
2651,52,930,size,10 inch
2652,52,930,storage,512 GB
2653,52,931,color,blue
2654,52,931,size,12 inch
2655,52,931,storage,128 GB
2656,52,932,color,blue
2657,52,932,size,12 inch
2658,52,932,storage,256 GB
2659,52,933,color,blue
2660,52,933,size,12 inch
2661,52,933,storage,512 GB
2662,53,934,color,green
2663,53,934,size,8 inch
2664,53,934,storage,128 GB
2665,53,935,color,green
2666,53,935,size,8 inch
2667,53,935,storage,256 GB
2668,53,936,color,green
2669,53,936,size,8 inch
2670,53,936,storage,512 GB
2671,53,937,color,green
2672,53,937,size,10 inch
2673,53,937,storage,128 GB
2674,53,938,color,green
2675,53,938,size,10 inch
2676,53,938,storage,256 GB
2677,53,939,color,green
2678,53,939,size,10 inch
2679,53,939,storage,512 GB
2680,53,940,color,green
2681,53,940,size,12 inch
2682,53,940,storage,128 GB
2683,53,941,color,green
2684,53,941,size,12 inch
2685,53,941,storage,256 GB
2686,53,942,color,green
2687,53,942,size,12 inch
2688,53,942,storage,512 GB
2689,53,943,color,white
2690,53,943,size,8 inch
2691,53,943,storage,128 GB
2692,53,944,color,white
2693,53,944,size,8 inch
2694,53,944,storage,256 GB
2695,53,945,color,white
2696,53,945,size,8 inch
2697,53,945,storage,512 GB
2698,53,946,color,white
2699,53,946,size,10 inch
2700,53,946,storage,128 GB
2701,53,947,color,white
2702,53,947,size,10 inch
2703,53,947,storage,256 GB
2704,53,948,color,white
2705,53,948,size,10 inch
2706,53,948,storage,512 GB
2707,53,949,color,white
2708,53,949,size,12 inch
2709,53,949,storage,128 GB
2710,53,950,color,white
2711,53,950,size,12 inch
2712,53,950,storage,256 GB
2713,53,951,color,white
2714,53,951,size,12 inch
2715,53,951,storage,512 GB
2716,53,952,color,red
2717,53,952,size,8 inch
2718,53,952,storage,128 GB
2719,53,953,color,red
2720,53,953,size,8 inch
2721,53,953,storage,256 GB
2722,53,954,color,red
2723,53,954,size,8 inch
2724,53,954,storage,512 GB
2725,53,955,color,red
2726,53,955,size,10 inch
2727,53,955,storage,128 GB
2728,53,956,color,red
2729,53,956,size,10 inch
2730,53,956,storage,256 GB
2731,53,957,color,red
2732,53,957,size,10 inch
2733,53,957,storage,512 GB
2734,53,958,color,red
2735,53,958,size,12 inch
2736,53,958,storage,128 GB
2737,53,959,color,red
2738,53,959,size,12 inch
2739,53,959,storage,256 GB
2740,53,960,color,red
2741,53,960,size,12 inch
2742,53,960,storage,512 GB
2743,54,961,color,green
2744,54,961,size,8 inch
2745,54,961,storage,128 GB
2746,54,962,color,green
2747,54,962,size,8 inch
2748,54,962,storage,256 GB
2749,54,963,color,green
2750,54,963,size,8 inch
2751,54,963,storage,512 GB
2752,54,964,color,green
2753,54,964,size,10 inch
2754,54,964,storage,128 GB
2755,54,965,color,green
2756,54,965,size,10 inch
2757,54,965,storage,256 GB
2758,54,966,color,green
2759,54,966,size,10 inch
2760,54,966,storage,512 GB
2761,54,967,color,green
2762,54,967,size,12 inch
2763,54,967,storage,128 GB
2764,54,968,color,green
2765,54,968,size,12 inch
2766,54,968,storage,256 GB
2767,54,969,color,green
2768,54,969,size,12 inch
2769,54,969,storage,512 GB
2770,54,970,color,gray
2771,54,970,size,8 inch
2772,54,970,storage,128 GB
2773,54,971,color,gray
2774,54,971,size,8 inch
2775,54,971,storage,256 GB
2776,54,972,color,gray
2777,54,972,size,8 inch
2778,54,972,storage,512 GB
2779,54,973,color,gray
2780,54,973,size,10 inch
2781,54,973,storage,128 GB
2782,54,974,color,gray
2783,54,974,size,10 inch
2784,54,974,storage,256 GB
2785,54,975,color,gray
2786,54,975,size,10 inch
2787,54,975,storage,512 GB
2788,54,976,color,gray
2789,54,976,size,12 inch
2790,54,976,storage,128 GB
2791,54,977,color,gray
2792,54,977,size,12 inch
2793,54,977,storage,256 GB
2794,54,978,color,gray
2795,54,978,size,12 inch
2796,54,978,storage,512 GB
2797,54,979,color,red
2798,54,979,size,8 inch
2799,54,979,storage,128 GB
2800,54,980,color,red
2801,54,980,size,8 inch
2802,54,980,storage,256 GB
2803,54,981,color,red
2804,54,981,size,8 inch
2805,54,981,storage,512 GB
2806,54,982,color,red
2807,54,982,size,10 inch
2808,54,982,storage,128 GB
2809,54,983,color,red
2810,54,983,size,10 inch
2811,54,983,storage,256 GB
2812,54,984,color,red
2813,54,984,size,10 inch
2814,54,984,storage,512 GB
2815,54,985,color,red
2816,54,985,size,12 inch
2817,54,985,storage,128 GB
2818,54,986,color,red
2819,54,986,size,12 inch
2820,54,986,storage,256 GB
2821,54,987,color,red
2822,54,987,size,12 inch
2823,54,987,storage,512 GB
2824,55,988,color,green
2825,55,988,size,8 inch
2826,55,988,storage,128 GB
2827,55,989,color,green
2828,55,989,size,8 inch
2829,55,989,storage,256 GB
2830,55,990,color,green
2831,55,990,size,8 inch
2832,55,990,storage,512 GB
2833,55,991,color,green
2834,55,991,size,10 inch
2835,55,991,storage,128 GB
2836,55,992,color,green
2837,55,992,size,10 inch
2838,55,992,storage,256 GB
2839,55,993,color,green
2840,55,993,size,10 inch
2841,55,993,storage,512 GB
2842,55,994,color,green
2843,55,994,size,12 inch
2844,55,994,storage,128 GB
2845,55,995,color,green
2846,55,995,size,12 inch
2847,55,995,storage,256 GB
2848,55,996,color,green
2849,55,996,size,12 inch
2850,55,996,storage,512 GB
2851,55,997,color,red
2852,55,997,size,8 inch
2853,55,997,storage,128 GB
2854,55,998,color,red
2855,55,998,size,8 inch
2856,55,998,storage,256 GB
2857,55,999,color,red
2858,55,999,size,8 inch
2859,55,999,storage,512 GB
2860,55,1000,color,red
2861,55,1000,size,10 inch
2862,55,1000,storage,128 GB
2863,55,1001,color,red
2864,55,1001,size,10 inch
2865,55,1001,storage,256 GB
2866,55,1002,color,red
2867,55,1002,size,10 inch
2868,55,1002,storage,512 GB
2869,55,1003,color,red
2870,55,1003,size,12 inch
2871,55,1003,storage,128 GB
2872,55,1004,color,red
2873,55,1004,size,12 inch
2874,55,1004,storage,256 GB
2875,55,1005,color,red
2876,55,1005,size,12 inch
2877,55,1005,storage,512 GB
2878,55,1006,color,white
2879,55,1006,size,8 inch
2880,55,1006,storage,128 GB
2881,55,1007,color,white
2882,55,1007,size,8 inch
2883,55,1007,storage,256 GB
2884,55,1008,color,white
2885,55,1008,size,8 inch
2886,55,1008,storage,512 GB
2887,55,1009,color,white
2888,55,1009,size,10 inch
2889,55,1009,storage,128 GB
2890,55,1010,color,white
2891,55,1010,size,10 inch
2892,55,1010,storage,256 GB
2893,55,1011,color,white
2894,55,1011,size,10 inch
2895,55,1011,storage,512 GB
2896,55,1012,color,white
2897,55,1012,size,12 inch
2898,55,1012,storage,128 GB
2899,55,1013,color,white
2900,55,1013,size,12 inch
2901,55,1013,storage,256 GB
2902,55,1014,color,white
2903,55,1014,size,12 inch
2904,55,1014,storage,512 GB
2905,56,1015,color,black
2906,56,1015,size,8 inch
2907,56,1015,storage,128 GB
2908,56,1016,color,black
2909,56,1016,size,8 inch
2910,56,1016,storage,256 GB
2911,56,1017,color,black
2912,56,1017,size,8 inch
2913,56,1017,storage,512 GB
2914,56,1018,color,black
2915,56,1018,size,10 inch
2916,56,1018,storage,128 GB
2917,56,1019,color,black
2918,56,1019,size,10 inch
2919,56,1019,storage,256 GB
2920,56,1020,color,black
2921,56,1020,size,10 inch
2922,56,1020,storage,512 GB
2923,56,1021,color,black
2924,56,1021,size,12 inch
2925,56,1021,storage,128 GB
2926,56,1022,color,black
2927,56,1022,size,12 inch
2928,56,1022,storage,256 GB
2929,56,1023,color,black
2930,56,1023,size,12 inch
2931,56,1023,storage,512 GB
2932,56,1024,color,green
2933,56,1024,size,8 inch
2934,56,1024,storage,128 GB
2935,56,1025,color,green
2936,56,1025,size,8 inch
2937,56,1025,storage,256 GB
2938,56,1026,color,green
2939,56,1026,size,8 inch
2940,56,1026,storage,512 GB
2941,56,1027,color,green
2942,56,1027,size,10 inch
2943,56,1027,storage,128 GB
2944,56,1028,color,green
2945,56,1028,size,10 inch
2946,56,1028,storage,256 GB
2947,56,1029,color,green
2948,56,1029,size,10 inch
2949,56,1029,storage,512 GB
2950,56,1030,color,green
2951,56,1030,size,12 inch
2952,56,1030,storage,128 GB
2953,56,1031,color,green
2954,56,1031,size,12 inch
2955,56,1031,storage,256 GB
2956,56,1032,color,green
2957,56,1032,size,12 inch
2958,56,1032,storage,512 GB
2959,56,1033,color,blue
2960,56,1033,size,8 inch
2961,56,1033,storage,128 GB
2962,56,1034,color,blue
2963,56,1034,size,8 inch
2964,56,1034,storage,256 GB
2965,56,1035,color,blue
2966,56,1035,size,8 inch
2967,56,1035,storage,512 GB
2968,56,1036,color,blue
2969,56,1036,size,10 inch
2970,56,1036,storage,128 GB
2971,56,1037,color,blue
2972,56,1037,size,10 inch
2973,56,1037,storage,256 GB
2974,56,1038,color,blue
2975,56,1038,size,10 inch
2976,56,1038,storage,512 GB
2977,56,1039,color,blue
2978,56,1039,size,12 inch
2979,56,1039,storage,128 GB
2980,56,1040,color,blue
2981,56,1040,size,12 inch
2982,56,1040,storage,256 GB
2983,56,1041,color,blue
2984,56,1041,size,12 inch
2985,56,1041,storage,512 GB
